Player,League,Team,Pos,salary,G,GS,MP,FG,FGA,FG%,3P,3PA,3P%,2P,2PA,2P%,FT,FTA,FT%,ORB,TRB,AST,STL,BLK,TOV,PF,PTS
Aaron Gordon,NBA,ORL,PF,19863636,78,78,33.8,6.0,13.4,0.449,1.6,4.4,0.349,4.5,9.0,0.499,2.4,3.2,0.731,1.7,7.4,3.7,0.7,0.7,2.1,2.2,16.0
Aaron Holiday,NBA,IND,PG,2329200,50,0,12.9,2.1,5.2,0.401,0.9,2.5,0.339,1.2,2.7,0.459,0.8,1.0,0.82,0.1,1.3,1.7,0.4,0.3,0.8,1.4,5.9
Abdel Nader,NBA,OKC,SF,1618520,61,1,11.4,1.5,3.5,0.423,0.5,1.6,0.32,1.0,1.9,0.513,0.4,0.6,0.75,0.2,1.9,0.3,0.3,0.2,0.4,1.1,4.0
Al Horford,NBA,BOS,C,28000000,68,68,29.0,5.7,10.6,0.535,1.1,3.0,0.36,4.6,7.6,0.604,1.1,1.4,0.821,1.8,6.7,4.2,0.9,1.3,1.5,1.9,13.6
Al-Farouq Aminu,NBA,POR,PF,9258000,81,81,28.3,3.2,7.3,0.433,1.2,3.5,0.343,2.0,3.9,0.514,1.9,2.1,0.867,1.4,7.5,1.3,0.8,0.4,0.9,1.8,9.4
Alec Burks,NBA,TOT,SG,1620564,64,24,21.5,3.0,7.4,0.405,1.0,2.6,0.363,2.0,4.8,0.428,1.8,2.2,0.823,0.5,3.7,2.0,0.6,0.3,1.0,1.4,8.8
Alec Burks,NBA,UTA,SG,1620564,17,0,15.8,2.8,6.7,0.412,0.9,2.5,0.372,1.8,4.2,0.437,1.9,2.2,0.868,0.1,1.6,1.2,0.4,0.2,0.9,1.3,8.4
Alec Burks,NBA,CLE,SG,1620564,34,24,28.8,4.0,10.0,0.4,1.3,3.5,0.378,2.7,6.5,0.412,2.3,2.9,0.806,0.8,5.5,2.9,0.7,0.5,1.4,1.8,11.6
Alec Burks,NBA,SAC,SG,1620564,13,0,9.8,0.7,1.5,0.45,0.0,0.5,0.0,0.7,1.1,0.643,0.3,0.4,0.8,0.2,1.7,0.8,0.6,0.1,0.3,0.5,1.7
Alex Caruso,NBA,LAL,PG,2750000,25,4,21.2,3.1,6.9,0.445,1.0,2.0,0.48,2.1,4.9,0.431,2.0,2.6,0.797,0.8,2.7,3.1,1.0,0.4,1.7,2.2,9.2
Alex Len,NBA,ATL,C,4160000,77,31,20.1,4.2,8.4,0.494,1.0,2.6,0.363,3.2,5.8,0.554,1.8,2.8,0.648,2.1,5.5,1.1,0.4,0.9,1.3,2.6,11.1
Alfonzo McKinnie,NBA,GSW,SF,1500000,72,5,13.9,1.9,3.8,0.487,0.6,1.6,0.356,1.3,2.2,0.586,0.4,0.7,0.563,1.1,3.4,0.4,0.3,0.2,0.4,1.9,4.7
Alize Johnson,NBA,IND,PF,1416852,14,0,4.6,0.3,1.1,0.25,0.1,0.1,0.5,0.2,1.0,0.214,0.3,0.6,0.5,0.3,1.4,0.1,0.1,0.2,0.0,0.5,0.9
Allen Crabbe,NBA,BRK,SG,18500000,43,20,26.3,3.2,8.7,0.367,2.3,6.0,0.378,0.9,2.7,0.342,1.0,1.3,0.732,0.4,3.4,1.1,0.5,0.3,1.1,2.4,9.6
Allonzo Trier,NBA,NYK,SG,3551000,64,3,22.8,3.6,8.1,0.448,0.8,2.1,0.394,2.8,6.0,0.466,2.8,3.5,0.803,0.5,3.1,1.9,0.4,0.2,1.8,1.8,10.9
Amile Jefferson,NBA,ORL,PF,1529007,12,0,5.7,0.8,1.3,0.625,0.0,0.0,,0.8,1.3,0.625,0.6,0.7,0.875,0.5,1.8,0.3,0.3,0.3,0.1,0.7,2.3
Andre Drummond,NBA,DET,C,27093019,79,79,33.5,7.1,13.3,0.533,0.1,0.5,0.132,7.0,12.8,0.548,3.1,5.2,0.59,5.4,15.6,1.4,1.7,1.7,2.2,3.4,17.3
Andre Iguodala,NBA,GSW,SF,17185185,68,13,23.2,2.2,4.4,0.5,0.7,2.1,0.333,1.5,2.3,0.652,0.6,1.0,0.582,0.7,3.7,3.2,0.9,0.8,0.8,1.4,5.7
Andrew Wiggins,NBA,MIN,SF,27504630,73,73,34.8,6.8,16.6,0.412,1.6,4.8,0.339,5.2,11.8,0.441,2.8,4.1,0.699,1.1,4.8,2.5,1.0,0.7,1.9,2.1,18.1
Anfernee Simons,NBA,POR,SG,2149560,20,1,7.1,1.4,3.2,0.444,0.5,1.5,0.345,0.9,1.7,0.529,0.5,0.8,0.563,0.2,0.7,0.7,0.1,0.0,0.6,0.5,3.8
Anthony Davis,NBA,NOP,C,27093018,56,56,33.0,9.5,18.3,0.517,0.9,2.6,0.331,8.6,15.7,0.547,6.1,7.7,0.794,3.1,12.0,3.9,1.6,2.4,2.0,2.4,25.9
Anthony Tolliver,NBA,MIN,PF,183115,65,0,16.6,1.5,4.0,0.382,1.2,3.3,0.377,0.3,0.7,0.409,0.7,0.9,0.783,0.2,2.7,0.7,0.3,0.3,0.6,1.4,5.0
Antonio Blakeney,NBA,CHI,SG,1588231,57,3,14.5,2.9,6.9,0.419,0.6,1.6,0.396,2.3,5.4,0.426,0.9,1.3,0.658,0.1,1.9,0.7,0.2,0.2,0.6,0.7,7.3
Aron Baynes,NBA,BOS,C,5453280,51,18,16.1,2.1,4.4,0.471,0.4,1.2,0.344,1.6,3.2,0.519,1.0,1.2,0.855,1.7,4.7,1.1,0.2,0.7,0.8,2.5,5.6
Austin Rivers,NBA,TOT,SG,2147317,76,15,26.7,3.1,7.5,0.406,1.4,4.3,0.318,1.7,3.2,0.522,0.7,1.3,0.526,0.3,2.1,2.2,0.6,0.3,0.9,2.7,8.1
Austin Rivers,NBA,WAS,SG,2147317,29,2,23.6,2.6,6.7,0.392,1.1,3.7,0.311,1.5,3.0,0.489,0.9,1.6,0.543,0.3,2.4,2.0,0.6,0.3,1.2,2.5,7.2
Austin Rivers,NBA,HOU,SG,2147317,47,13,28.6,3.3,8.0,0.413,1.5,4.7,0.321,1.8,3.3,0.541,0.5,1.0,0.51,0.3,1.9,2.3,0.6,0.3,0.7,2.9,8.7
Avery Bradley,NBA,TOT,SG,4767000,63,63,30.2,3.9,9.7,0.408,1.4,3.9,0.351,2.6,5.8,0.446,0.7,0.8,0.86,0.7,2.8,2.4,0.7,0.3,1.4,2.7,9.9
Avery Bradley,NBA,LAC,SG,4767000,49,49,29.9,3.3,8.6,0.383,1.2,3.5,0.337,2.1,5.1,0.415,0.4,0.5,0.8,0.7,2.7,2.0,0.6,0.3,1.2,2.7,8.2
Avery Bradley,NBA,MEM,SG,4767000,14,14,31.6,6.2,13.4,0.463,2.0,5.2,0.384,4.2,8.2,0.513,1.6,1.8,0.92,0.6,3.1,4.0,1.0,0.0,2.0,2.4,16.1
Bam Adebayo,NBA,MIA,C,3454080,82,28,23.3,3.4,5.9,0.576,0.0,0.2,0.2,3.4,5.7,0.588,2.0,2.8,0.735,2.0,7.3,2.2,0.9,0.8,1.5,2.5,8.9
Ben McLemore,NBA,SAC,SG,2028594,19,0,8.3,1.3,3.4,0.391,0.9,2.2,0.415,0.4,1.2,0.348,0.4,0.6,0.667,0.2,0.9,0.2,0.3,0.2,0.3,1.2,3.9
Ben Simmons,NBA,PHI,PG,8113930,79,79,34.2,6.8,12.2,0.563,0.0,0.1,0.0,6.8,12.1,0.566,3.3,5.4,0.6,2.2,8.8,7.7,1.4,0.8,3.5,2.6,16.9
Bismack Biyombo,NBA,CHO,C,17000000,54,32,14.5,1.6,2.9,0.571,0.0,0.0,,1.6,2.9,0.571,1.1,1.7,0.637,1.5,4.6,0.6,0.2,0.8,0.6,1.9,4.4
Blake Griffin,NBA,DET,PF,34449964,75,75,35.0,8.3,17.9,0.462,2.5,7.0,0.362,5.7,10.9,0.525,5.5,7.3,0.753,1.3,7.5,5.4,0.7,0.4,3.4,2.7,24.5
Bobby Portis,NBA,TOT,PF,15000000,50,28,26.0,5.6,12.6,0.444,1.5,3.8,0.393,4.1,8.7,0.467,1.5,1.9,0.794,2.2,8.1,1.4,0.7,0.4,1.5,2.9,14.2
Bobby Portis,NBA,CHI,PF,15000000,22,6,24.1,5.5,12.3,0.45,1.2,3.3,0.375,4.3,9.0,0.477,1.8,2.3,0.78,2.1,7.3,1.3,0.5,0.4,1.3,2.8,14.1
Bobby Portis,NBA,WAS,PF,15000000,28,22,27.4,5.6,12.8,0.44,1.7,4.3,0.403,3.9,8.5,0.458,1.4,1.7,0.809,2.3,8.6,1.5,0.9,0.4,1.6,3.0,14.3
Brad Wanamaker,NBA,BOS,PG,1445697,36,0,9.5,1.4,2.9,0.476,0.4,1.1,0.41,0.9,1.8,0.515,0.7,0.8,0.857,0.1,1.1,1.6,0.3,0.1,0.5,0.9,3.9
Bradley Beal,NBA,WAS,SG,27093019,82,82,36.9,9.3,19.6,0.475,2.5,7.3,0.351,6.8,12.4,0.548,4.4,5.5,0.808,1.1,5.0,5.5,1.5,0.7,2.7,2.8,25.6
Brandon Goodwin,NBA,DEN,PG,522738,16,0,3.6,0.4,1.4,0.261,0.1,0.4,0.333,0.3,1.1,0.235,0.6,0.7,0.818,0.1,0.2,0.9,0.0,0.0,0.2,0.4,1.4
Brandon Ingram,NBA,LAL,SF,7265485,52,52,33.8,7.0,14.0,0.497,0.6,1.8,0.33,6.4,12.2,0.521,3.8,5.6,0.675,0.8,5.1,3.0,0.5,0.6,2.5,2.9,18.3
Brandon Knight,NBA,TOT,PG,15643750,39,26,18.9,2.5,6.7,0.381,1.1,3.3,0.318,1.5,3.4,0.443,0.7,0.9,0.794,0.3,1.5,1.8,0.5,0.1,0.8,1.6,6.8
Brandon Knight,NBA,HOU,PG,15643750,12,0,9.8,0.9,3.9,0.234,0.4,2.7,0.156,0.5,1.3,0.4,0.8,0.9,0.818,0.1,0.8,0.8,0.2,0.0,0.4,1.2,3.0
Brandon Knight,NBA,CLE,PG,15643750,27,26,22.9,3.3,7.9,0.413,1.3,3.6,0.371,1.9,4.3,0.448,0.7,0.9,0.783,0.3,1.9,2.3,0.7,0.1,0.9,1.8,8.5
Brook Lopez,NBA,MIL,C,12093023,81,81,28.7,4.4,9.7,0.452,2.3,6.3,0.365,2.1,3.4,0.613,1.4,1.6,0.842,0.4,4.9,1.2,0.6,2.2,1.0,2.3,12.5
Bruce Brown,NBA,DET,SG,1416852,74,56,19.6,1.7,4.2,0.398,0.3,1.3,0.258,1.4,3.0,0.457,0.6,0.8,0.75,0.6,2.5,1.2,0.5,0.5,0.6,2.4,4.3
Bruno Caboclo,NBA,MEM,PF,1845301,34,19,23.5,2.8,6.6,0.427,1.4,3.8,0.369,1.4,2.8,0.505,1.2,1.5,0.84,1.2,4.6,1.5,0.4,1.0,1.1,2.4,8.3
Bryn Forbes,NBA,SAS,SG,2875000,82,81,28.0,4.4,9.6,0.456,2.1,5.0,0.426,2.3,4.6,0.489,0.8,1.0,0.885,0.2,2.9,2.1,0.5,0.0,1.0,1.9,11.8
Buddy Hield,NBA,SAC,SG,4861208,82,82,31.9,7.6,16.6,0.458,3.4,7.9,0.427,4.2,8.6,0.487,2.1,2.4,0.886,1.3,5.0,2.5,0.7,0.4,1.8,2.5,20.7
CJ McCollum,NBA,POR,SG,27556959,70,70,33.9,8.2,17.8,0.459,2.4,6.4,0.375,5.8,11.4,0.506,2.3,2.7,0.828,0.9,4.0,3.0,0.8,0.4,1.5,2.5,21.0
Caleb Swanigan,NBA,TOT,PF,2033160,21,0,8.5,0.9,2.5,0.34,0.0,0.3,0.143,0.8,2.2,0.37,0.3,0.4,0.667,0.8,3.0,0.5,0.3,0.0,0.9,1.3,2.0
Caleb Swanigan,NBA,POR,PF,2033160,18,0,8.1,0.8,2.4,0.318,0.1,0.3,0.2,0.7,2.2,0.333,0.3,0.4,0.857,0.7,2.9,0.4,0.2,0.0,0.9,1.2,1.9
Caleb Swanigan,NBA,SAC,PF,2033160,3,0,11.0,1.3,3.0,0.444,0.0,0.7,0.0,1.3,2.3,0.571,0.0,0.7,0.0,1.3,4.0,1.3,0.7,0.3,0.7,2.0,2.7
Cameron Payne,NBA,TOT,PG,1737145,40,13,17.8,2.4,5.6,0.43,0.6,2.1,0.298,1.8,3.5,0.511,0.8,1.0,0.805,0.3,1.8,2.7,0.7,0.2,1.1,1.6,6.3
Cameron Payne,NBA,CHI,PG,1737145,31,12,17.3,2.2,5.4,0.411,0.5,1.9,0.271,1.7,3.5,0.486,0.7,0.8,0.88,0.3,1.7,2.7,0.6,0.2,1.1,1.6,5.7
Cameron Payne,NBA,CLE,PG,1737145,9,1,19.6,3.0,6.1,0.491,1.0,2.8,0.36,2.0,3.3,0.6,1.2,1.8,0.688,0.3,2.1,2.6,0.9,0.3,1.2,1.7,8.2
Caris LeVert,NBA,BRK,SF,2625718,40,25,26.6,5.2,12.1,0.429,1.2,3.9,0.312,4.0,8.2,0.483,2.1,3.1,0.691,0.9,3.8,3.9,1.1,0.4,1.7,1.9,13.7
Carmelo Anthony,NBA,HOU,PF,1364204,10,2,29.4,4.9,12.1,0.405,2.1,6.4,0.328,2.8,5.7,0.491,1.5,2.2,0.682,0.9,5.4,0.5,0.4,0.7,0.8,3.2,13.4
Cedi Osman,NBA,CLE,SF,2907143,76,75,32.2,4.7,11.1,0.427,1.7,4.9,0.348,3.0,6.2,0.489,1.9,2.4,0.779,0.6,4.7,2.6,0.8,0.1,1.5,2.6,13.0
Chandler Hutchison,NBA,CHI,SF,2332320,44,14,20.3,2.2,4.8,0.459,0.3,1.1,0.28,1.9,3.6,0.516,0.5,0.9,0.605,0.7,4.2,0.8,0.5,0.1,0.6,1.3,5.2
Chandler Parsons,NBA,MEM,SF,25102511,25,3,19.8,2.7,7.3,0.374,1.2,3.8,0.309,1.6,3.5,0.443,0.9,1.0,0.88,0.2,2.8,1.7,0.8,0.2,1.3,1.8,7.5
Cheick Diallo,NBA,NOP,PF,1678854,64,1,14.0,2.6,4.2,0.62,0.0,0.1,0.25,2.6,4.2,0.625,0.8,1.0,0.746,1.2,5.2,0.5,0.5,0.5,0.8,1.8,6.0
Chimezie Metu,NBA,SAS,PF,1416852,29,0,5.0,0.7,2.0,0.328,0.0,0.1,0.0,0.7,1.9,0.339,0.4,0.6,0.765,0.3,1.2,0.4,0.2,0.1,0.5,0.5,1.8
Chris Boucher,NBA,TOR,PF,1588231,28,0,5.8,1.2,2.7,0.447,0.4,1.3,0.324,0.8,1.4,0.564,0.5,0.5,0.867,0.6,2.0,0.1,0.2,0.9,0.3,1.1,3.3
Chris Paul,NBA,HOU,PG,38506482,58,58,32.0,5.2,12.4,0.419,2.2,6.1,0.358,3.0,6.3,0.479,3.0,3.5,0.862,0.6,4.6,8.2,2.0,0.3,2.6,2.5,15.6
Christian Wood,NBA,TOT,PF,1645357,21,2,12.0,2.9,5.6,0.521,0.4,1.2,0.346,2.5,4.3,0.571,2.0,2.7,0.732,0.8,4.0,0.4,0.3,0.5,0.8,0.8,8.2
Christian Wood,NBA,MIL,PF,1645357,13,0,4.8,0.9,1.9,0.48,0.2,0.4,0.6,0.7,1.5,0.45,0.8,1.2,0.667,0.3,1.5,0.2,0.0,0.0,0.2,0.2,2.8
Christian Wood,NBA,NOP,PF,1645357,8,2,23.6,6.1,11.5,0.533,0.8,2.6,0.286,5.4,8.9,0.606,3.9,5.1,0.756,1.6,7.9,0.8,0.9,1.3,1.8,1.8,16.9
Clint Capela,NBA,HOU,C,14896552,67,67,33.6,7.1,10.9,0.648,0.0,0.0,,7.1,10.9,0.648,2.5,3.9,0.636,4.4,12.7,1.4,0.7,1.5,1.4,2.5,16.6
Cody Zeller,NBA,CHO,C,14471910,49,47,25.4,3.9,7.0,0.551,0.1,0.4,0.273,3.8,6.6,0.57,2.3,2.9,0.787,2.2,6.8,2.1,0.8,0.8,1.3,3.3,10.1
Collin Sexton,NBA,CLE,PG,4764960,82,72,31.8,6.3,14.7,0.43,1.5,3.6,0.402,4.9,11.1,0.44,2.6,3.1,0.839,0.7,2.9,3.0,0.5,0.1,2.3,2.3,16.7
Cory Joseph,NBA,IND,PG,12000000,82,9,25.2,2.8,6.7,0.412,0.7,2.1,0.322,2.1,4.6,0.454,0.4,0.5,0.698,0.5,3.4,3.9,1.1,0.3,1.0,1.6,6.5
Courtney Lee,NBA,TOT,SG,12759670,34,6,12.6,1.6,3.8,0.411,0.5,1.6,0.291,1.1,2.2,0.5,0.4,0.6,0.667,0.3,1.6,1.1,0.6,0.1,0.4,0.9,4.0
Courtney Lee,NBA,NYK,SG,12759670,12,2,13.3,1.8,3.9,0.447,0.4,1.3,0.313,1.3,2.6,0.516,0.8,1.2,0.643,0.5,2.3,1.3,0.7,0.2,0.4,1.1,4.7
Courtney Lee,NBA,DAL,SG,12759670,22,4,12.2,1.5,3.7,0.39,0.5,1.8,0.282,1.0,2.0,0.488,0.2,0.3,0.714,0.1,1.2,1.0,0.6,0.0,0.4,0.9,3.6
D'Angelo Russell,NBA,BRK,PG,27285000,81,81,30.2,8.1,18.7,0.434,2.9,7.8,0.369,5.2,10.9,0.482,2.0,2.5,0.78,0.7,3.9,7.0,1.2,0.2,3.1,1.7,21.1
D.J. Augustin,NBA,ORL,PG,7250000,81,81,28.0,3.9,8.4,0.47,1.6,3.8,0.421,2.3,4.5,0.511,2.2,2.6,0.866,0.5,2.5,5.3,0.6,0.0,1.6,1.4,11.7
D.J. Wilson,NBA,MIL,PF,2961120,48,3,18.4,2.2,5.2,0.414,1.0,2.6,0.362,1.2,2.6,0.468,0.5,1.0,0.553,0.9,4.6,1.1,0.4,0.4,0.7,1.8,5.8
Damian Jones,NBA,GSW,C,2305057,24,22,17.1,2.2,3.1,0.716,0.0,0.0,,2.2,3.1,0.716,1.0,1.5,0.649,1.3,3.1,1.2,0.5,1.0,0.7,2.6,5.4
Damian Lillard,NBA,POR,PG,29802321,80,80,35.5,8.5,19.2,0.444,3.0,8.0,0.369,5.6,11.1,0.499,5.9,6.4,0.912,0.9,4.6,6.9,1.1,0.4,2.7,1.9,25.8
Damion Lee,NBA,GSW,SG,842327,32,0,11.7,1.8,4.0,0.441,0.8,2.1,0.397,0.9,1.8,0.492,0.6,0.7,0.864,0.3,2.0,0.4,0.4,0.0,0.3,0.9,4.9
Damyean Dotson,NBA,NYK,SG,1618520,73,40,27.5,4.0,9.6,0.415,1.7,4.7,0.368,2.2,4.9,0.461,1.0,1.3,0.745,0.5,3.6,1.8,0.8,0.1,1.0,1.8,10.7
Daniel Theis,NBA,BOS,C,5000000,66,2,13.8,2.2,4.0,0.549,0.4,1.0,0.388,1.8,3.0,0.603,0.8,1.2,0.737,1.3,3.4,1.0,0.3,0.6,0.5,2.4,5.7
Danilo Gallinari,NBA,LAC,SF,22615559,68,68,30.3,6.0,13.0,0.463,2.4,5.5,0.433,3.6,7.5,0.484,5.4,6.0,0.904,0.8,6.1,2.6,0.7,0.3,1.5,1.9,19.8
Danny Green,NBA,TOR,SG,14634146,80,80,27.7,3.7,7.9,0.465,2.5,5.4,0.455,1.2,2.4,0.487,0.5,0.6,0.841,0.8,4.0,1.6,0.9,0.7,0.9,2.1,10.3
Dante Exum,NBA,UTA,PG,9600000,42,1,15.8,2.4,5.7,0.419,0.4,1.5,0.29,2.0,4.3,0.464,1.6,2.0,0.791,0.4,1.6,2.6,0.3,0.1,1.2,1.6,6.9
Darius Miller,NBA,NOP,SF,7000000,69,15,25.5,2.7,7.0,0.39,1.9,5.3,0.365,0.8,1.7,0.467,0.8,1.0,0.789,0.2,1.9,2.1,0.6,0.3,0.9,2.4,8.2
Darren Collison,NBA,IND,PG,10000000,76,76,28.2,4.1,8.7,0.467,1.0,2.6,0.407,3.0,6.1,0.492,2.1,2.5,0.832,0.5,3.1,6.0,1.4,0.1,1.6,1.8,11.2
David Nwaba,NBA,CLE,SF,903111,51,14,19.3,2.5,5.1,0.481,0.5,1.5,0.32,2.0,3.7,0.545,1.1,1.7,0.682,0.8,3.2,1.1,0.7,0.3,0.6,2.1,6.5
De'Aaron Fox,NBA,SAC,PG,6392760,81,81,31.4,6.2,13.6,0.458,1.1,2.9,0.371,5.2,10.7,0.482,3.7,5.1,0.727,0.5,3.8,7.3,1.6,0.6,2.8,2.5,17.3
De'Anthony Melton,NBA,PHO,PG,1416852,50,31,19.7,2.0,5.1,0.391,0.6,1.9,0.305,1.4,3.2,0.441,0.4,0.6,0.75,0.5,2.7,3.2,1.4,0.5,1.5,2.3,5.0
DeAndre Jordan,NBA,TOT,C,9881598,69,69,29.7,4.1,6.5,0.641,0.0,0.0,,4.1,6.5,0.641,2.7,3.8,0.705,3.3,13.1,2.3,0.6,1.1,2.2,2.4,11.0
DeAndre Jordan,NBA,DAL,C,9881598,50,50,31.1,4.2,6.5,0.644,0.0,0.0,,4.2,6.5,0.644,2.7,4.0,0.682,3.2,13.7,2.0,0.7,1.1,2.2,2.5,11.0
DeAndre Jordan,NBA,NYK,C,9881598,19,19,25.9,4.1,6.5,0.634,0.0,0.0,,4.1,6.5,0.634,2.7,3.5,0.773,3.4,11.4,3.0,0.5,1.1,2.2,2.2,10.9
DeAndre' Bembry,NBA,ATL,SG,2603982,82,15,23.5,3.4,7.5,0.446,0.6,2.1,0.289,2.7,5.4,0.508,1.1,1.7,0.64,0.7,4.4,2.5,1.3,0.5,1.7,2.3,8.4
DeMar DeRozan,NBA,SAS,SG,27739975,77,77,34.9,8.2,17.1,0.481,0.1,0.6,0.156,8.1,16.5,0.492,4.8,5.7,0.83,0.7,6.0,6.2,1.1,0.5,2.6,2.3,21.2
DeMarcus Cousins,NBA,GSW,C,3500000,30,30,25.7,5.9,12.4,0.48,0.9,3.2,0.274,5.1,9.2,0.551,3.5,4.8,0.736,1.4,8.2,3.6,1.3,1.5,2.4,3.6,16.3
DeMarre Carroll,NBA,BRK,PF,512721,67,8,25.4,3.4,8.6,0.395,1.6,4.6,0.342,1.8,4.0,0.457,2.7,3.6,0.76,1.0,5.2,1.3,0.5,0.1,1.1,1.7,11.1
Deandre Ayton,NBA,PHO,C,9562920,71,70,30.7,7.2,12.3,0.585,0.0,0.1,0.0,7.2,12.2,0.588,2.0,2.7,0.746,3.1,10.3,1.8,0.9,0.9,1.8,2.9,16.3
Delon Wright,NBA,TOT,PG,9473684,75,13,22.7,3.2,7.4,0.434,0.7,2.2,0.298,2.6,5.2,0.492,1.6,2.0,0.793,0.9,3.5,3.3,1.2,0.4,1.0,1.4,8.7
Delon Wright,NBA,TOR,PG,9473684,49,2,18.3,2.6,6.0,0.433,0.6,1.8,0.333,2.0,4.1,0.478,1.1,1.2,0.869,0.8,2.6,2.2,0.9,0.3,0.8,1.1,6.9
Delon Wright,NBA,MEM,PG,9473684,26,11,30.8,4.4,10.2,0.434,0.8,3.0,0.256,3.7,7.2,0.508,2.5,3.4,0.742,1.1,5.4,5.3,1.6,0.6,1.5,1.9,12.2
Deonte Burton,NBA,OKC,SG,1416852,32,0,7.5,1.0,2.6,0.402,0.3,0.8,0.296,0.8,1.7,0.455,0.3,0.4,0.667,0.1,0.9,0.3,0.2,0.3,0.3,1.0,2.6
Derrick Favors,NBA,UTA,C,17650000,76,70,23.2,4.8,8.1,0.586,0.2,1.0,0.218,4.6,7.1,0.64,2.0,3.0,0.675,2.7,7.4,1.2,0.7,1.4,1.1,2.1,11.8
Derrick Rose,NBA,MIN,PG,7317073,51,13,27.3,7.1,14.8,0.482,1.1,2.9,0.37,6.1,11.9,0.509,2.7,3.1,0.856,0.6,2.7,4.3,0.6,0.2,1.6,1.1,18.0
Derrick White,NBA,SAS,PG,1948080,67,55,25.8,3.9,8.1,0.479,0.7,2.1,0.338,3.2,6.0,0.529,1.4,1.8,0.772,0.5,3.7,3.9,1.0,0.7,1.4,2.2,9.9
Devin Booker,NBA,PHO,SG,27285000,64,64,35.0,9.2,19.6,0.467,2.1,6.5,0.326,7.0,13.1,0.536,6.1,7.1,0.866,0.6,4.1,6.8,0.9,0.2,4.1,3.1,26.6
Devonte' Graham,NBA,CHO,PG,1416852,46,3,14.7,1.6,4.7,0.343,0.7,2.6,0.281,0.9,2.1,0.421,0.8,1.0,0.761,0.2,1.4,2.6,0.5,0.0,0.7,1.0,4.7
Dewayne Dedmon,NBA,ATL,C,13333333,64,52,25.1,4.0,8.2,0.492,1.3,3.4,0.382,2.8,4.8,0.57,1.4,1.8,0.814,1.6,7.5,1.4,1.1,1.1,1.3,3.3,10.8
Dillon Brooks,NBA,MEM,SF,1618520,18,0,18.3,2.7,6.8,0.402,0.8,2.2,0.375,1.9,4.6,0.415,1.2,1.7,0.733,0.5,1.7,0.9,0.6,0.2,1.1,2.8,7.5
Dion Waiters,NBA,MIA,SG,375385,44,28,25.9,4.5,10.9,0.414,2.5,6.6,0.377,2.0,4.3,0.471,0.5,1.0,0.5,0.2,2.6,2.8,0.7,0.2,1.5,1.6,12.0
Dirk Nowitzki,NBA,DAL,PF,5000000,51,20,15.6,2.6,7.4,0.359,1.3,4.0,0.312,1.4,3.4,0.415,0.8,1.0,0.78,0.1,3.1,0.7,0.2,0.4,0.4,1.5,7.3
Domantas Sabonis,NBA,IND,C,3529555,74,5,24.8,5.6,9.5,0.59,0.1,0.2,0.529,5.5,9.2,0.592,2.8,3.9,0.715,2.5,9.3,2.9,0.6,0.4,2.2,3.2,14.1
Donovan Mitchell,NBA,UTA,SG,3635760,77,77,33.7,8.6,19.9,0.432,2.4,6.7,0.362,6.1,13.1,0.468,4.1,5.1,0.806,0.8,4.1,4.2,1.4,0.4,2.8,2.7,23.8
Donte DiVincenzo,NBA,MIL,SG,2905800,27,0,15.2,1.9,4.6,0.403,0.8,3.1,0.265,1.0,1.5,0.683,0.3,0.4,0.75,0.6,2.4,1.1,0.5,0.2,0.7,1.4,4.9
Dorian Finney-Smith,NBA,DAL,SF,4000000,81,26,24.5,2.8,6.5,0.432,1.0,3.1,0.311,1.8,3.4,0.544,0.9,1.3,0.709,1.7,4.8,1.2,0.9,0.4,0.9,2.3,7.5
Doug McDermott,NBA,IND,SF,7333333,77,1,17.4,2.7,5.5,0.491,1.1,2.7,0.408,1.6,2.8,0.569,0.9,1.0,0.835,0.2,1.4,0.9,0.2,0.1,0.5,1.4,7.3
Dragan Bender,NBA,PHO,PF,1678854,46,27,18.0,1.9,4.3,0.447,0.5,2.2,0.218,1.4,2.1,0.688,0.7,1.2,0.593,0.7,4.0,1.2,0.4,0.5,0.8,2.0,5.0
Draymond Green,NBA,GSW,PF,18539130,66,66,31.3,2.8,6.4,0.445,0.7,2.5,0.285,2.1,3.9,0.549,1.0,1.4,0.692,0.9,7.3,6.9,1.4,1.1,2.6,3.0,7.4
Duncan Robinson,NBA,MIA,SF,1416852,15,1,10.7,1.2,3.1,0.391,0.7,2.3,0.286,0.5,0.7,0.727,0.3,0.4,0.667,0.1,1.3,0.3,0.3,0.0,0.3,0.7,3.3
Dwayne Bacon,NBA,CHO,SG,1618520,43,13,17.7,2.8,6.0,0.475,0.9,2.0,0.437,2.0,4.0,0.494,0.8,1.1,0.739,0.2,2.1,1.1,0.3,0.1,0.4,1.7,7.3
Dwight Howard,NBA,WAS,C,1620564,9,9,25.6,4.8,7.7,0.623,0.0,0.0,,4.8,7.7,0.623,3.2,5.3,0.604,2.7,9.2,0.4,0.8,0.4,1.8,3.8,12.8
Dwight Powell,NBA,DAL,C,10259375,77,22,21.6,3.8,6.3,0.597,0.5,1.6,0.307,3.3,4.7,0.699,2.5,3.3,0.772,1.8,5.3,1.5,0.6,0.6,0.9,2.6,10.6
Dwyane Wade,NBA,MIA,SG,1512601,72,2,26.2,5.8,13.3,0.433,1.2,3.6,0.33,4.6,9.7,0.472,2.3,3.2,0.708,1.0,4.0,4.2,0.8,0.5,2.3,1.6,15.0
E'Twaun Moore,NBA,NOP,SG,8664928,53,36,27.6,4.8,10.0,0.481,1.4,3.3,0.432,3.4,6.7,0.506,0.8,1.1,0.763,0.7,2.4,1.9,0.8,0.2,1.1,2.1,11.9
Ed Davis,NBA,BRK,C,4767000,81,1,17.9,2.3,3.7,0.616,0.0,0.0,0.0,2.3,3.7,0.62,1.2,2.0,0.617,2.7,8.6,0.8,0.4,0.4,0.8,2.8,5.8
Edmond Sumner,NBA,IND,PG,2000000,23,2,9.1,1.0,2.8,0.344,0.3,1.2,0.259,0.7,1.6,0.405,0.7,1.0,0.625,0.4,1.0,0.4,0.5,0.2,0.4,1.1,2.9
Elfrid Payton,NBA,NOP,PG,8000000,42,42,29.8,4.3,9.8,0.434,0.8,2.5,0.314,3.5,7.3,0.476,1.3,1.8,0.743,1.2,5.2,7.6,1.0,0.4,2.7,1.9,10.6
Elie Okobo,NBA,PHO,PG,1416852,53,16,18.1,2.2,5.5,0.393,0.7,2.5,0.295,1.4,3.0,0.475,0.7,0.9,0.787,0.2,1.8,2.4,0.6,0.1,1.3,2.1,5.7
Emmanuel Mudiay,NBA,NYK,PG,1620564,59,42,27.2,5.6,12.5,0.446,1.2,3.6,0.329,4.4,9.0,0.492,2.4,3.2,0.774,0.6,3.3,3.9,0.7,0.3,2.4,1.7,14.8
Enes Freedom,NBA,TOT,C,4767000,67,31,24.5,5.6,10.2,0.549,0.1,0.5,0.294,5.4,9.7,0.562,2.3,2.9,0.787,3.8,9.8,1.7,0.5,0.4,1.8,2.5,13.7
Enes Freedom,NBA,NYK,C,4767000,44,23,25.6,5.7,10.6,0.536,0.2,0.5,0.318,5.5,10.1,0.547,2.4,2.9,0.814,3.9,10.5,1.9,0.4,0.4,1.8,2.4,14.0
Enes Freedom,NBA,POR,C,4767000,23,8,22.3,5.4,9.3,0.577,0.1,0.5,0.25,5.3,8.8,0.596,2.2,3.0,0.735,3.7,8.6,1.4,0.6,0.4,1.7,2.7,13.1
Eric Bledsoe,NBA,MIL,PG,15625000,78,78,29.1,6.0,12.4,0.484,1.6,4.8,0.329,4.4,7.6,0.582,2.3,3.0,0.75,1.1,4.6,5.5,1.5,0.4,2.1,2.0,15.9
Eric Gordon,NBA,HOU,SG,14057730,68,53,31.7,5.6,13.8,0.409,3.2,8.8,0.36,2.5,5.0,0.497,1.8,2.2,0.783,0.3,2.2,1.9,0.6,0.4,1.3,2.1,16.2
Evan Fournier,NBA,ORL,SG,17150000,81,81,31.5,5.8,13.2,0.438,1.9,5.6,0.34,3.9,7.6,0.509,1.7,2.1,0.806,0.5,3.2,3.6,0.9,0.1,1.9,2.8,15.1
Evan Turner,NBA,POR,PG,18606556,73,2,22.0,2.8,6.1,0.46,0.2,0.7,0.212,2.6,5.4,0.494,1.0,1.5,0.708,0.5,4.5,3.9,0.5,0.2,1.6,1.5,6.8
Frank Jackson,NBA,NOP,PG,1618520,61,16,19.2,3.2,7.3,0.434,0.9,2.8,0.314,2.3,4.6,0.507,0.9,1.2,0.74,0.4,2.2,1.1,0.4,0.0,0.8,1.5,8.1
Frank Kaminsky,NBA,CHO,C,4767000,47,0,16.1,2.9,6.3,0.463,1.1,3.0,0.36,1.9,3.4,0.553,1.7,2.3,0.738,0.8,3.5,1.3,0.3,0.3,0.9,1.4,8.6
Frank Ntilikina,NBA,NYK,PG,4855800,43,16,21.0,2.2,6.6,0.337,0.8,2.7,0.287,1.4,3.9,0.371,0.5,0.7,0.767,0.3,2.0,2.8,0.7,0.3,1.3,2.4,5.7
Fred VanVleet,NBA,TOR,PG,9346153,64,28,27.5,3.8,9.4,0.41,1.8,4.6,0.378,2.1,4.8,0.441,1.5,1.8,0.843,0.3,2.6,4.8,0.9,0.3,1.3,1.7,11.0
Furkan Korkmaz,NBA,PHI,SG,1620564,48,7,14.1,2.0,5.1,0.4,1.0,3.0,0.326,1.1,2.1,0.505,0.8,0.9,0.818,0.3,2.2,1.1,0.6,0.0,0.5,1.3,5.8
Garrett Temple,NBA,TOT,SG,4767000,75,55,27.2,2.8,6.6,0.422,1.2,3.5,0.341,1.6,3.1,0.515,1.1,1.4,0.748,0.4,2.9,1.4,1.0,0.4,0.9,2.7,7.8
Garrett Temple,NBA,MEM,SG,4767000,49,49,31.2,3.4,7.9,0.429,1.5,4.3,0.352,1.9,3.6,0.52,1.2,1.6,0.75,0.4,3.1,1.4,1.0,0.5,1.1,2.7,9.4
Garrett Temple,NBA,LAC,SG,4767000,26,6,19.6,1.6,4.1,0.396,0.6,2.1,0.296,1.0,2.0,0.5,0.9,1.2,0.742,0.4,2.5,1.4,1.0,0.2,0.6,2.7,4.7
Gary Clark,NBA,HOU,PF,555409,51,2,12.6,1.0,3.0,0.331,0.8,2.7,0.297,0.2,0.3,0.692,0.1,0.1,1.0,0.5,2.3,0.4,0.4,0.5,0.1,0.9,2.9
Gary Harris,NBA,DEN,SG,17839286,57,48,28.8,4.7,11.2,0.424,1.4,4.2,0.339,3.3,6.9,0.476,2.0,2.5,0.799,0.7,2.8,2.2,1.0,0.3,1.2,2.0,12.9
George Hill,NBA,TOT,PG,9133907,60,13,21.7,2.8,6.3,0.452,0.8,2.6,0.314,2.0,3.7,0.547,1.2,1.4,0.824,0.7,2.5,2.3,0.9,0.1,0.9,1.7,7.6
George Hill,NBA,CLE,PG,9133907,13,13,26.5,4.2,8.2,0.514,1.0,2.2,0.464,3.2,6.1,0.532,1.3,1.5,0.85,0.9,2.1,2.8,0.9,0.1,1.5,2.7,10.8
George Hill,NBA,MIL,PG,9133907,47,0,20.4,2.4,5.7,0.428,0.7,2.7,0.28,1.7,3.1,0.556,1.1,1.4,0.815,0.6,2.6,2.1,0.9,0.1,0.7,1.4,6.8
Georges Niang,NBA,UTA,PF,1645357,59,0,8.7,1.5,3.1,0.475,0.7,1.8,0.41,0.7,1.3,0.566,0.3,0.4,0.833,0.2,1.5,0.6,0.2,0.1,0.4,1.0,4.0
Gerald Green,NBA,HOU,SG,1620564,73,0,20.2,3.2,7.9,0.4,2.1,6.0,0.354,1.0,1.9,0.547,0.8,0.9,0.838,0.4,2.5,0.5,0.5,0.4,0.8,1.7,9.2
Giannis Antetokounmpo,NBA,MIL,PF,25842697,72,72,32.8,10.0,17.3,0.578,0.7,2.8,0.256,9.3,14.5,0.641,6.9,9.5,0.729,2.2,12.5,5.9,1.3,1.5,3.7,3.2,27.7
Gordon Hayward,NBA,BOS,PF,32700690,72,18,25.9,4.1,8.8,0.466,1.1,3.2,0.333,3.0,5.6,0.542,2.2,2.6,0.834,0.7,4.5,3.4,0.9,0.3,1.5,1.4,11.5
Gorgui Dieng,NBA,MIN,C,16229213,76,2,13.6,2.5,5.0,0.501,0.3,0.7,0.339,2.2,4.2,0.53,1.2,1.4,0.83,1.1,4.1,0.9,0.6,0.5,0.8,1.8,6.4
Grayson Allen,NBA,UTA,SG,2429400,38,2,10.9,1.8,4.7,0.376,0.8,2.6,0.323,0.9,2.1,0.443,1.2,1.6,0.75,0.1,0.6,0.7,0.2,0.2,0.9,1.2,5.6
Hamidou Diallo,NBA,OKC,SG,1416852,51,3,10.3,1.5,3.2,0.455,0.1,0.5,0.167,1.4,2.8,0.504,0.7,1.2,0.61,0.7,1.9,0.3,0.4,0.2,0.5,1.5,3.7
Harrison Barnes,NBA,TOT,PF-SF,24147727,77,77,32.9,5.6,13.3,0.42,2.3,5.7,0.395,3.3,7.6,0.439,3.0,3.6,0.824,0.7,4.7,1.5,0.6,0.2,1.3,1.6,16.4
Harrison Barnes,NBA,DAL,PF,24147727,49,49,32.3,5.9,14.6,0.404,2.5,6.3,0.389,3.4,8.3,0.416,3.4,4.0,0.833,0.7,4.2,1.3,0.7,0.2,1.4,1.6,17.7
Harrison Barnes,NBA,SAC,SF,24147727,28,28,33.9,5.0,11.1,0.455,1.9,4.6,0.408,3.1,6.4,0.489,2.3,2.9,0.8,0.8,5.5,1.9,0.6,0.1,1.1,1.5,14.3
Harry Giles,NBA,SAC,PF,2578800,58,0,14.1,3.0,6.0,0.503,0.0,0.1,0.0,3.0,5.9,0.512,1.0,1.6,0.637,1.1,3.8,1.5,0.5,0.4,1.3,2.6,7.0
Hassan Whiteside,NBA,MIA,C,27093017,72,53,23.3,5.4,9.4,0.571,0.0,0.2,0.125,5.4,9.2,0.581,1.5,3.4,0.449,3.6,11.3,0.8,0.6,1.9,1.3,2.7,12.3
Ian Mahinmi,NBA,WAS,C,15450051,34,6,14.6,1.4,3.1,0.452,0.1,0.5,0.188,1.3,2.6,0.5,1.2,1.8,0.689,1.4,3.8,0.7,0.7,0.5,0.6,2.5,4.1
Ike Anigbogu,NBA,IND,C,1378242,3,0,2.0,0.0,1.0,0.0,0.0,0.0,,0.0,1.0,0.0,0.0,0.0,,0.3,1.0,0.3,0.0,0.3,0.3,0.0,0.0
Iman Shumpert,NBA,TOT,SG,1419138,62,41,23.9,2.7,7.2,0.374,1.5,4.4,0.348,1.2,2.8,0.416,0.6,0.7,0.8,0.4,3.0,1.8,1.0,0.4,0.8,2.0,7.5
Iman Shumpert,NBA,SAC,SG,1419138,42,40,26.2,3.2,8.3,0.382,1.8,4.8,0.366,1.4,3.5,0.404,0.8,1.0,0.829,0.5,3.1,2.2,1.1,0.5,0.9,2.2,8.9
Iman Shumpert,NBA,HOU,SG,1419138,20,1,19.1,1.7,4.9,0.347,1.1,3.6,0.296,0.7,1.4,0.481,0.1,0.2,0.5,0.4,2.7,1.1,0.6,0.2,0.6,1.8,4.6
Isaac Bonga,NBA,LAL,PG,1416842,22,0,5.5,0.2,1.5,0.152,0.0,0.4,0.0,0.2,1.1,0.2,0.4,0.7,0.6,0.4,1.1,0.7,0.4,0.2,0.3,0.4,0.9
Isaiah Briscoe,NBA,ORL,PG,838464,39,0,14.3,1.4,3.5,0.399,0.3,0.9,0.324,1.1,2.7,0.423,0.4,0.7,0.577,0.1,1.9,2.2,0.3,0.1,0.8,1.7,3.5
Isaiah Canaan,NBA,TOT,PG,1512601,30,16,21.0,2.1,5.5,0.39,1.1,3.2,0.354,1.0,2.3,0.441,0.6,0.8,0.792,0.2,1.9,2.8,0.5,0.1,1.2,1.7,6.0
Isaiah Canaan,NBA,PHO,PG,1512601,19,15,26.5,2.7,6.8,0.395,1.3,3.8,0.347,1.4,3.0,0.456,0.8,1.1,0.75,0.3,2.6,3.3,0.6,0.0,1.5,2.4,7.5
Isaiah Canaan,NBA,MIN,PG,1512601,7,1,13.6,1.6,4.1,0.379,1.0,2.7,0.368,0.6,1.4,0.4,0.6,0.6,1.0,0.0,0.7,2.7,0.3,0.1,0.6,0.6,4.7
Isaiah Canaan,NBA,MIL,PG,1512601,4,0,7.8,0.5,1.5,0.333,0.5,1.3,0.4,0.0,0.3,0.0,0.0,0.0,,0.3,1.0,0.8,0.0,0.3,0.5,0.5,1.5
Isaiah Hartenstein,NBA,HOU,PF,1416852,28,0,7.9,0.7,1.5,0.488,0.1,0.2,0.333,0.6,1.3,0.514,0.4,0.5,0.786,0.8,1.7,0.5,0.3,0.4,0.5,2.0,1.9
Isaiah Thomas,NBA,DEN,SG,1620564,12,0,15.1,2.8,8.3,0.343,1.0,3.6,0.279,1.8,4.7,0.393,1.4,2.3,0.63,0.4,1.1,1.9,0.4,0.1,1.5,1.4,8.1
Ish Smith,NBA,DET,PG,6000000,56,0,22.3,3.7,8.7,0.419,0.8,2.4,0.326,2.9,6.3,0.455,0.8,1.1,0.758,0.4,2.6,3.6,0.5,0.2,1.1,1.9,8.9
Ivica Zubac,NBA,TOT,C,6481482,59,37,17.6,3.6,6.4,0.559,0.0,0.0,,3.6,6.4,0.559,1.7,2.1,0.802,1.9,6.1,1.1,0.2,0.9,1.2,2.3,8.9
Ivica Zubac,NBA,LAL,C,6481482,33,12,15.6,3.4,5.8,0.58,0.0,0.0,,3.4,5.8,0.58,1.7,2.0,0.864,1.6,4.9,0.8,0.1,0.8,1.0,2.2,8.5
Ivica Zubac,NBA,LAC,C,6481482,26,25,20.2,3.8,7.2,0.538,0.0,0.0,,3.8,7.2,0.538,1.7,2.3,0.733,2.3,7.7,1.5,0.4,0.9,1.4,2.5,9.4
J.J. Barea,NBA,DAL,PG,1620564,38,0,19.8,4.2,10.1,0.418,1.0,3.4,0.297,3.2,6.8,0.479,1.4,2.1,0.705,0.3,2.5,5.6,0.6,0.0,1.9,1.3,10.9
JaKarr Sampson,NBA,CHI,SF,1620564,4,0,31.8,7.3,13.5,0.537,1.3,3.5,0.357,6.0,10.0,0.6,4.3,5.3,0.81,1.3,8.0,1.0,1.0,0.8,1.0,2.0,20.0
JaMychal Green,NBA,TOT,PF,4767000,65,6,21.1,3.5,7.3,0.483,1.1,2.7,0.403,2.4,4.6,0.53,1.2,1.6,0.792,1.6,6.3,0.8,0.7,0.5,1.3,3.0,9.4
JaMychal Green,NBA,MEM,PF,4767000,41,4,22.0,3.7,7.6,0.484,0.9,2.3,0.396,2.8,5.3,0.523,1.5,2.0,0.788,1.8,6.1,0.9,0.8,0.6,1.6,3.0,9.8
JaMychal Green,NBA,LAC,PF,4767000,24,2,19.6,3.3,6.8,0.482,1.4,3.3,0.413,1.9,3.5,0.548,0.7,0.9,0.81,1.3,6.5,0.6,0.5,0.3,1.0,2.9,8.7
JaVale McGee,NBA,LAL,C,4000000,75,62,22.3,5.3,8.5,0.624,0.0,0.2,0.083,5.3,8.4,0.634,1.3,2.0,0.632,2.6,7.5,0.7,0.6,2.0,1.4,2.8,12.0
Jabari Parker,NBA,TOT,PF,6500000,64,17,26.9,5.8,11.7,0.493,1.0,3.0,0.313,4.8,8.7,0.556,2.0,2.9,0.712,1.2,6.6,2.4,0.7,0.5,2.4,2.3,14.5
Jabari Parker,NBA,CHI,PF,6500000,39,17,26.7,5.6,11.9,0.474,0.9,2.9,0.325,4.7,9.0,0.523,2.0,2.8,0.731,1.1,6.2,2.2,0.6,0.4,2.2,2.2,14.3
Jabari Parker,NBA,WAS,PF,6500000,25,0,27.3,6.0,11.4,0.523,1.0,3.2,0.296,5.0,8.2,0.613,2.1,3.0,0.684,1.5,7.2,2.7,0.9,0.6,2.7,2.3,15.0
Jacob Evans,NBA,GSW,SG,1925880,30,1,6.8,0.6,1.8,0.34,0.1,0.5,0.267,0.5,1.3,0.368,0.0,0.0,0.0,0.2,0.8,0.8,0.2,0.1,0.4,0.9,1.3
Jae Crowder,NBA,UTA,SF,7815533,80,11,27.1,4.0,10.0,0.399,2.2,6.5,0.331,1.8,3.4,0.527,1.8,2.5,0.721,0.8,4.8,1.7,0.8,0.4,1.1,2.1,11.9
Jahlil Okafor,NBA,NOP,C,1702486,59,24,15.8,3.6,6.1,0.586,0.0,0.1,0.2,3.6,6.1,0.591,1.0,1.5,0.663,1.4,4.7,0.7,0.3,0.7,0.9,1.6,8.2
Jake Layman,NBA,POR,SF,3581986,71,33,18.7,3.0,6.0,0.509,0.8,2.5,0.326,2.2,3.4,0.646,0.7,1.0,0.704,0.8,3.1,0.7,0.4,0.4,0.6,1.6,7.6
Jakob Poeltl,NBA,SAS,C,3754886,77,24,16.5,2.4,3.8,0.645,0.0,0.0,,2.4,3.8,0.645,0.6,1.2,0.533,2.3,5.3,1.2,0.4,0.9,0.6,1.6,5.5
Jalen Brunson,NBA,DAL,PG,1416852,73,38,21.8,3.6,7.7,0.467,0.9,2.5,0.348,2.8,5.3,0.523,1.2,1.6,0.725,0.3,2.3,3.2,0.5,0.1,1.2,1.7,9.3
Jamal Murray,NBA,DEN,PG,4444746,75,74,32.6,6.8,15.6,0.437,2.0,5.5,0.367,4.8,10.1,0.476,2.5,3.0,0.848,0.9,4.2,4.8,0.9,0.4,2.1,2.0,18.2
James Harden,NBA,HOU,PG,38199000,78,78,36.8,10.8,24.5,0.442,4.8,13.2,0.368,6.0,11.3,0.528,9.7,11.0,0.879,0.8,6.6,7.5,2.0,0.7,5.0,3.1,36.1
James Johnson,NBA,MIA,PF,15349400,55,33,21.2,3.0,6.9,0.433,0.9,2.7,0.336,2.1,4.2,0.496,0.9,1.3,0.714,0.4,3.2,2.5,0.6,0.5,1.3,2.1,7.8
James Nunnally,NBA,TOT,SF,1349383,15,0,6.8,0.8,2.3,0.353,0.5,1.7,0.32,0.3,0.6,0.444,0.3,0.3,1.0,0.0,0.3,0.5,0.1,0.0,0.1,0.7,2.4
James Nunnally,NBA,MIN,SF,1349383,13,0,4.9,0.7,1.6,0.429,0.4,1.0,0.385,0.3,0.6,0.5,0.3,0.3,1.0,0.0,0.3,0.4,0.1,0.0,0.1,0.3,2.1
James Nunnally,NBA,HOU,SF,1349383,2,0,19.0,1.5,6.5,0.231,1.5,6.0,0.25,0.0,0.5,0.0,0.0,0.0,,0.0,0.5,1.0,0.0,0.0,0.0,3.0,4.5
Jared Dudley,NBA,BRK,PF,1620564,59,25,20.7,1.7,4.1,0.423,0.9,2.6,0.351,0.8,1.5,0.545,0.5,0.8,0.696,0.6,2.6,1.4,0.6,0.3,0.7,2.2,4.9
Jarell Martin,NBA,ORL,PF,1620564,42,1,7.8,1.0,2.5,0.413,0.5,1.4,0.351,0.5,1.1,0.489,0.2,0.3,0.818,0.3,1.7,0.4,0.1,0.2,0.3,1.2,2.7
Jarred Vanderbilt,NBA,DEN,PF,1416852,17,0,4.1,0.5,1.1,0.474,0.0,0.1,0.0,0.5,1.1,0.5,0.4,0.6,0.6,0.4,1.4,0.2,0.4,0.1,0.5,0.5,1.4
Jarrett Allen,NBA,BRK,C,2376840,80,80,26.2,4.2,7.1,0.59,0.1,0.6,0.133,4.1,6.5,0.629,2.5,3.5,0.709,2.4,8.4,1.4,0.5,1.5,1.3,2.3,10.9
Jason Smith,NBA,TOT,PF-C,5450000,20,1,9.5,1.1,3.0,0.356,0.5,1.3,0.346,0.6,1.7,0.364,0.7,0.8,0.875,0.8,2.6,0.7,0.2,0.4,0.7,1.5,3.3
Jason Smith,NBA,WAS,C,5450000,12,1,10.8,1.3,3.1,0.405,0.3,0.8,0.4,0.9,2.3,0.407,0.8,1.0,0.833,0.9,3.1,1.0,0.1,0.4,0.6,1.8,3.7
Jason Smith,NBA,MIL,PF,5450000,6,0,6.7,0.7,2.2,0.308,0.5,1.5,0.333,0.2,0.7,0.25,0.3,0.3,1.0,0.5,1.8,0.2,0.3,0.3,0.8,1.0,2.2
Jason Smith,NBA,NOP,C,5450000,2,0,10.0,1.0,4.5,0.222,1.0,3.5,0.286,0.0,1.0,0.0,1.0,1.0,1.0,1.0,2.0,0.5,0.0,0.0,0.5,1.5,4.0
Jaylen Brown,NBA,BOS,SG,6534829,74,25,25.9,5.0,10.7,0.465,1.3,3.7,0.344,3.7,7.0,0.529,1.8,2.7,0.658,0.9,4.2,1.4,0.9,0.4,1.3,2.5,13.0
Jaylen Morris,NBA,MIL,SG,1378242,4,0,7.3,1.0,2.5,0.4,0.3,0.8,0.333,0.8,1.8,0.429,0.3,0.5,0.5,0.0,1.3,1.0,0.5,0.0,0.3,0.3,2.5
Jayson Tatum,NBA,BOS,SF,7830000,79,79,31.1,5.9,13.1,0.45,1.5,3.9,0.373,4.4,9.2,0.483,2.5,2.9,0.855,0.9,6.0,2.1,1.1,0.7,1.5,2.1,15.7
Jeff Green,NBA,WAS,PF,439475,77,44,27.2,4.2,8.9,0.475,1.4,4.2,0.347,2.8,4.8,0.586,2.4,2.7,0.888,0.7,4.0,1.8,0.6,0.5,1.3,2.1,12.3
Jeff Teague,NBA,MIN,PG,19000000,42,41,30.1,4.2,9.9,0.423,0.8,2.5,0.333,3.4,7.4,0.453,2.9,3.6,0.804,0.4,2.5,8.2,1.0,0.4,2.3,2.1,12.1
Jemerrio Jones,NBA,LAL,SF,1416852,6,2,23.8,2.0,5.5,0.364,0.3,1.7,0.2,1.7,3.8,0.435,0.2,0.3,0.5,2.7,8.2,2.2,1.2,0.8,0.8,1.7,4.5
Jerami Grant,NBA,OKC,PF,9346153,80,77,32.7,5.1,10.3,0.497,1.4,3.7,0.392,3.7,6.6,0.555,2.0,2.8,0.71,1.2,5.2,1.0,0.8,1.3,0.8,2.7,13.6
Jeremy Lamb,NBA,CHO,SG,10500000,79,55,28.5,5.5,12.4,0.44,1.5,4.2,0.348,4.0,8.2,0.487,2.9,3.3,0.888,0.8,5.5,2.2,1.1,0.4,1.0,1.8,15.3
Jerome Robinson,NBA,LAC,SG,3567720,33,0,9.7,1.3,3.3,0.4,0.5,1.7,0.316,0.8,1.6,0.491,0.2,0.3,0.667,0.1,1.2,0.6,0.3,0.1,0.4,1.4,3.4
Jevon Carter,NBA,MEM,PG,1416852,39,3,14.8,1.4,4.7,0.303,0.9,2.6,0.333,0.6,2.1,0.265,0.7,0.8,0.813,0.4,1.7,1.8,0.7,0.3,0.8,1.4,4.4
Jimmer Fredette,NBA,PHO,SG,208509,6,0,10.8,1.3,4.8,0.276,0.0,2.2,0.0,1.3,2.7,0.5,1.0,1.0,1.0,0.2,1.2,1.3,0.5,0.0,0.8,0.8,3.7
Jimmy Butler,NBA,TOT,SF-SG,32742000,65,65,33.6,6.4,13.9,0.462,1.0,3.0,0.347,5.4,10.9,0.494,4.8,5.6,0.855,1.9,5.3,4.0,1.9,0.6,1.5,1.7,18.7
Jimmy Butler,NBA,MIN,SG,32742000,10,10,36.1,7.4,15.7,0.471,1.7,4.5,0.378,5.7,11.2,0.509,4.8,6.1,0.787,1.6,5.2,4.3,2.4,1.0,1.4,1.8,21.3
Jimmy Butler,NBA,PHI,SF,32742000,55,55,33.2,6.3,13.6,0.461,0.9,2.7,0.338,5.3,10.9,0.491,4.8,5.5,0.868,1.9,5.3,4.0,1.8,0.5,1.5,1.7,18.2
Joe Harris,NBA,BRK,SG,7666667,76,76,30.2,4.9,9.8,0.5,2.4,5.1,0.474,2.5,4.8,0.528,1.4,1.8,0.827,0.7,3.8,2.4,0.5,0.2,1.6,2.4,13.7
Joe Ingles,NBA,UTA,PF,11954546,82,82,31.3,4.4,9.8,0.448,2.3,5.9,0.391,2.1,3.9,0.533,1.1,1.5,0.707,0.4,4.0,5.7,1.2,0.2,2.4,2.2,12.1
Joel Embiid,NBA,PHI,C,27504630,64,64,33.7,9.1,18.7,0.484,1.2,4.1,0.3,7.8,14.6,0.535,8.2,10.1,0.804,2.5,13.6,3.7,0.7,1.9,3.5,3.3,27.5
John Collins,NBA,ATL,PF,2686560,61,59,30.0,7.6,13.6,0.56,0.9,2.6,0.348,6.7,11.0,0.609,3.3,4.4,0.763,3.6,9.8,2.0,0.4,0.6,2.0,3.3,19.5
John Henson,NBA,MIL,C,9732396,14,0,13.4,2.2,4.8,0.463,0.8,2.2,0.355,1.4,2.6,0.556,0.4,0.7,0.6,1.1,5.1,1.0,0.5,0.8,0.9,1.1,5.6
John Wall,NBA,WAS,PG,38199000,32,32,34.5,7.7,17.3,0.444,1.6,5.3,0.302,6.1,12.0,0.507,3.8,5.5,0.697,0.5,3.6,8.7,1.5,0.9,3.8,2.2,20.7
Jonah Bolden,NBA,PHI,PF,1698450,44,10,14.5,1.8,3.7,0.494,0.8,2.2,0.354,1.0,1.5,0.697,0.3,0.6,0.481,1.1,3.8,0.9,0.4,0.9,0.8,2.3,4.7
Jonathan Isaac,NBA,ORL,PF,5806440,75,64,26.6,3.5,8.1,0.429,1.1,3.5,0.323,2.3,4.6,0.51,1.5,1.8,0.815,1.3,5.5,1.1,0.8,1.3,1.0,1.9,9.6
Jonathon Simmons,NBA,TOT,SG-SF,5700000,56,9,19.0,2.4,6.3,0.38,0.5,1.9,0.269,1.9,4.4,0.427,1.3,1.7,0.742,0.5,2.3,2.3,0.5,0.3,1.2,1.6,6.5
Jonathon Simmons,NBA,ORL,SG,5700000,41,9,20.6,2.5,7.0,0.364,0.5,2.0,0.229,2.1,5.0,0.419,1.4,1.8,0.778,0.6,2.4,2.3,0.4,0.3,1.4,1.7,6.9
Jonathon Simmons,NBA,PHI,SF,5700000,15,0,14.6,1.9,4.3,0.453,0.6,1.4,0.429,1.3,2.9,0.465,1.1,1.7,0.64,0.3,1.7,2.2,0.7,0.1,0.8,1.4,5.5
Jordan Bell,NBA,GSW,C,1620564,68,3,11.6,1.5,2.8,0.516,0.0,0.0,0.0,1.5,2.8,0.521,0.4,0.6,0.61,0.8,2.7,1.1,0.3,0.8,0.6,1.2,3.3
Jordan Clarkson,NBA,CLE,SG,13437500,81,0,27.3,6.5,14.6,0.448,1.8,5.5,0.324,4.8,9.1,0.524,2.0,2.4,0.844,1.0,3.3,2.4,0.7,0.2,1.7,1.4,16.8
Jordan McRae,NBA,WAS,SG,1645357,27,0,12.3,2.3,4.8,0.469,0.4,1.3,0.286,1.9,3.5,0.537,1.0,1.3,0.8,0.2,1.5,1.1,0.5,0.3,0.6,1.0,5.9
Josh Hart,NBA,LAL,SG,1655160,67,22,25.6,2.8,6.9,0.407,1.4,4.1,0.336,1.4,2.8,0.511,0.8,1.2,0.688,0.5,3.7,1.4,1.0,0.6,0.9,2.2,7.8
Josh Jackson,NBA,PHO,SG,7059480,79,29,25.2,4.4,10.6,0.413,0.9,2.8,0.324,3.5,7.8,0.445,1.8,2.7,0.671,0.8,4.4,2.3,0.9,0.7,2.2,2.6,11.5
Josh Okogie,NBA,MIN,SG,2530680,74,52,23.7,2.6,6.9,0.386,0.8,2.9,0.279,1.8,4.0,0.464,1.6,2.2,0.728,0.6,2.9,1.2,1.2,0.4,0.9,2.2,7.7
Josh Richardson,NBA,MIA,SG,10116576,73,73,34.8,5.8,14.1,0.412,2.2,6.3,0.357,3.5,7.8,0.458,2.7,3.2,0.861,0.7,3.6,4.1,1.1,0.5,1.5,2.7,16.6
Jrue Holiday,NBA,NOP,SG,26231111,67,67,35.9,8.2,17.3,0.472,1.8,5.4,0.325,6.4,11.9,0.539,3.1,4.0,0.768,1.1,5.0,7.7,1.6,0.8,3.1,2.2,21.2
Julius Randle,NBA,NOP,PF,18000000,73,49,30.6,7.8,14.9,0.524,0.9,2.7,0.344,6.9,12.2,0.564,4.9,6.7,0.731,2.2,8.7,3.1,0.7,0.6,2.8,3.4,21.4
Justin Holiday,NBA,TOT,SG,4767000,82,77,31.8,3.7,9.5,0.386,2.0,5.7,0.348,1.7,3.8,0.442,1.2,1.3,0.896,0.6,3.9,1.8,1.5,0.4,1.3,2.0,10.5
Justin Holiday,NBA,CHI,SG,4767000,38,38,34.9,4.0,10.4,0.383,2.6,7.1,0.359,1.4,3.3,0.435,1.1,1.2,0.891,0.5,4.4,2.2,1.8,0.6,1.2,2.1,11.6
Justin Holiday,NBA,MEM,SG,4767000,44,39,29.1,3.4,8.7,0.389,1.5,4.4,0.333,1.9,4.3,0.447,1.2,1.4,0.9,0.6,3.5,1.4,1.2,0.3,1.3,1.9,9.5
Justin Jackson,NBA,TOT,SF,3280920,81,14,19.9,2.7,6.0,0.447,1.1,3.0,0.355,1.6,3.0,0.542,0.8,1.0,0.785,0.5,2.6,1.2,0.4,0.2,0.4,1.2,7.2
Justin Jackson,NBA,SAC,SF,3280920,52,3,20.8,2.4,5.7,0.424,1.1,3.1,0.346,1.3,2.6,0.515,0.8,1.0,0.82,0.5,2.8,1.3,0.4,0.3,0.4,1.3,6.7
Justin Jackson,NBA,DAL,SF,3280920,29,11,18.3,3.2,6.6,0.484,1.1,3.0,0.372,2.1,3.6,0.577,0.7,1.0,0.724,0.7,2.3,1.0,0.3,0.0,0.2,1.1,8.2
Justin Patton,NBA,PHI,C,1620564,3,0,7.0,0.7,2.3,0.286,0.0,0.7,0.0,0.7,1.7,0.4,0.3,0.7,0.5,0.7,2.0,1.0,0.7,0.0,0.0,1.7,1.7
Justise Winslow,NBA,MIA,SF,13000000,66,52,29.7,4.9,11.3,0.433,1.5,3.9,0.375,3.5,7.5,0.462,1.3,2.1,0.628,1.0,5.4,4.3,1.1,0.3,2.2,2.7,12.6
Karl-Anthony Towns,NBA,MIN,C,27285000,77,77,33.1,8.8,17.1,0.518,1.8,4.6,0.4,7.0,12.5,0.562,4.9,5.8,0.836,3.4,12.4,3.4,0.9,1.6,3.1,3.8,24.4
Kawhi Leonard,NBA,TOR,SF,32742000,60,60,34.0,9.3,18.8,0.496,1.9,5.0,0.371,7.5,13.8,0.542,6.1,7.1,0.854,1.3,7.3,3.3,1.8,0.4,2.0,1.5,26.6
Keita Bates-Diop,NBA,MIN,SF,1416852,30,3,16.8,2.0,4.7,0.423,0.4,1.7,0.25,1.6,3.0,0.522,0.6,0.9,0.643,0.5,2.8,0.6,0.6,0.5,0.5,1.0,5.0
Kelly Olynyk,NBA,MIA,PF,12667885,79,36,22.9,3.3,7.1,0.463,1.4,4.0,0.354,1.9,3.1,0.604,1.9,2.3,0.822,0.9,4.7,1.8,0.7,0.5,1.4,2.3,10.0
Kemba Walker,NBA,CHO,PG,32742000,82,82,34.9,8.9,20.5,0.434,3.2,8.9,0.356,5.7,11.6,0.494,4.6,5.5,0.844,0.6,4.4,5.9,1.2,0.4,2.6,1.6,25.6
Kenrich Williams,NBA,NOP,SF,1416852,46,29,23.5,2.3,6.1,0.384,1.1,3.4,0.333,1.2,2.7,0.447,0.3,0.4,0.684,1.2,4.8,1.8,1.0,0.4,0.8,2.1,6.1
Kent Bazemore,NBA,ATL,SG,19269662,67,35,24.5,4.1,10.3,0.402,1.4,4.5,0.32,2.7,5.8,0.465,1.9,2.6,0.726,0.6,3.9,2.3,1.3,0.6,1.8,2.5,11.6
Kentavious Caldwell-Pope,NBA,LAL,SG,8089282,82,23,24.8,4.0,9.2,0.43,1.8,5.3,0.347,2.1,3.9,0.542,1.7,1.9,0.867,0.6,2.9,1.3,0.9,0.2,0.8,1.7,11.4
Kevin Durant,NBA,GSW,SF,38199000,78,78,34.6,9.2,17.7,0.521,1.8,5.0,0.353,7.5,12.8,0.587,5.7,6.5,0.885,0.4,6.4,5.9,0.7,1.1,2.9,2.0,26.0
Kevin Huerter,NBA,ATL,SG,2636280,75,59,27.3,3.7,8.8,0.419,1.8,4.7,0.385,1.9,4.1,0.457,0.5,0.7,0.732,0.8,3.3,2.9,0.9,0.3,1.5,2.1,9.7
Kevin Knox,NBA,NYK,PF,4380120,75,57,28.8,4.5,12.2,0.37,1.7,4.9,0.343,2.8,7.3,0.387,2.2,3.0,0.717,0.8,4.5,1.1,0.6,0.3,1.5,2.3,12.8
Kevin Love,NBA,CLE,PF,28942830,22,21,27.2,5.0,12.9,0.385,2.4,6.7,0.361,2.5,6.2,0.412,4.7,5.2,0.904,1.5,10.9,2.2,0.3,0.2,1.9,2.5,17.0
Kevon Looney,NBA,GSW,C,4464226,80,24,18.5,2.7,4.3,0.625,0.0,0.1,0.1,2.7,4.2,0.641,0.8,1.3,0.619,2.4,5.2,1.5,0.6,0.7,0.6,2.6,6.3
Khem Birch,NBA,ORL,C,3000000,50,1,12.9,1.8,3.0,0.603,0.0,0.0,0.0,1.8,3.0,0.607,1.2,1.7,0.699,1.6,3.8,0.8,0.4,0.6,0.4,1.4,4.8
Khris Middleton,NBA,MIL,SF,30603448,77,77,31.1,6.6,14.9,0.441,2.3,6.2,0.378,4.2,8.8,0.485,2.8,3.4,0.837,0.6,6.0,4.3,1.0,0.1,2.3,2.2,18.3
Khyri Thomas,NBA,DET,SG,1416852,26,0,7.5,0.8,2.7,0.319,0.4,1.3,0.286,0.5,1.3,0.353,0.3,0.4,0.636,0.2,0.8,0.3,0.3,0.2,0.2,0.8,2.3
Klay Thompson,NBA,GSW,SG,32742000,78,78,34.0,8.4,18.0,0.467,3.1,7.7,0.402,5.3,10.3,0.516,1.7,2.0,0.816,0.5,3.8,2.4,1.1,0.6,1.5,2.0,21.5
Kris Dunn,NBA,CHI,PG,5348007,46,44,30.2,4.7,11.0,0.425,0.7,2.1,0.354,3.9,8.9,0.441,1.2,1.5,0.797,0.4,4.1,6.0,1.5,0.5,2.3,3.6,11.3
Kyle Anderson,NBA,MEM,SF,9073050,43,40,29.8,3.5,6.4,0.543,0.2,0.8,0.265,3.3,5.6,0.583,0.9,1.5,0.578,1.1,5.8,3.0,1.3,0.9,1.3,2.6,8.0
Kyle Korver,NBA,TOT,SG-PF,1620564,70,0,19.1,2.9,6.9,0.416,2.0,5.0,0.397,0.9,1.9,0.467,0.9,1.0,0.822,0.1,2.3,1.2,0.4,0.2,0.8,1.5,8.6
Kyle Korver,NBA,CLE,PF,1620564,16,0,15.7,2.2,4.8,0.461,1.6,3.4,0.463,0.6,1.4,0.455,0.8,1.0,0.813,0.0,1.8,1.1,0.2,0.1,1.1,1.4,6.8
Kyle Korver,NBA,UTA,SG,1620564,54,0,20.1,3.1,7.5,0.408,2.1,5.4,0.384,1.0,2.1,0.469,0.9,1.1,0.825,0.2,2.5,1.2,0.4,0.2,0.8,1.6,9.1
Kyle Kuzma,NBA,LAL,PF,1974600,70,68,33.1,7.1,15.5,0.456,1.8,6.0,0.303,5.3,9.5,0.553,2.7,3.6,0.752,0.9,5.5,2.5,0.6,0.4,1.9,2.4,18.7
Kyle Lowry,NBA,TOR,PG,34996296,65,65,34.0,4.7,11.4,0.411,2.4,7.0,0.347,2.3,4.4,0.514,2.5,3.0,0.83,0.6,4.8,8.7,1.4,0.5,2.8,2.6,14.2
Kyle O'Quinn,NBA,IND,C,1620564,45,3,8.2,1.5,3.0,0.507,0.0,0.3,0.083,1.5,2.8,0.548,0.4,0.5,0.81,0.6,2.6,1.2,0.2,0.6,0.7,1.5,3.5
Kyrie Irving,NBA,BOS,PG,31742000,67,67,33.0,9.0,18.5,0.487,2.6,6.5,0.401,6.4,12.0,0.533,3.2,3.7,0.873,1.1,5.0,6.9,1.5,0.5,2.6,2.5,23.8
LaMarcus Aldridge,NBA,SAS,C,26000000,81,81,33.2,8.4,16.3,0.519,0.1,0.5,0.238,8.3,15.8,0.528,4.3,5.1,0.847,3.1,9.2,2.4,0.5,1.3,1.8,2.2,21.3
Lance Thomas,NBA,NYK,PF,7119650,46,17,17.0,1.7,4.3,0.396,0.5,1.7,0.278,1.2,2.6,0.475,0.6,0.8,0.75,0.5,2.5,0.6,0.4,0.2,0.5,1.8,4.5
Landry Shamet,NBA,TOT,SG,1995120,79,27,22.8,3.0,7.1,0.431,2.1,5.0,0.422,0.9,2.0,0.453,0.9,1.2,0.806,0.3,1.7,1.5,0.5,0.1,0.6,2.0,9.1
Landry Shamet,NBA,PHI,SG,1995120,54,4,20.5,2.8,6.4,0.441,1.8,4.5,0.404,1.0,1.9,0.529,0.8,1.0,0.815,0.3,1.4,1.1,0.4,0.1,0.5,2.0,8.3
Landry Shamet,NBA,LAC,SG,1995120,25,23,27.8,3.5,8.4,0.414,2.7,6.0,0.45,0.8,2.4,0.322,1.2,1.6,0.795,0.3,2.2,2.3,0.5,0.1,0.8,2.0,10.9
Langston Galloway,NBA,DET,SG,7333333,80,4,21.8,2.9,7.3,0.388,1.7,4.8,0.355,1.2,2.6,0.449,1.0,1.2,0.844,0.6,2.1,1.1,0.5,0.1,0.3,1.7,8.4
Lauri Markkanen,NBA,CHI,PF,5300400,52,51,32.3,6.6,15.3,0.43,2.3,6.4,0.361,4.3,8.9,0.479,3.3,3.8,0.872,1.4,9.0,1.4,0.7,0.6,1.6,2.3,18.7
LeBron James,NBA,LAL,SF,37436858,55,55,35.2,10.1,19.9,0.51,2.0,5.9,0.339,8.1,14.0,0.582,5.1,7.6,0.665,1.0,8.5,8.3,1.3,0.6,3.6,1.7,27.4
Lonzo Ball,NBA,LAL,PG,8719320,47,45,30.3,3.9,9.7,0.406,1.6,4.9,0.329,2.3,4.9,0.482,0.4,1.0,0.417,1.1,5.3,5.4,1.5,0.4,2.2,2.4,9.9
Lorenzo Brown,NBA,TOR,PG,1512601,26,0,8.2,0.9,2.7,0.324,0.2,1.1,0.214,0.7,1.7,0.395,0.1,0.1,1.0,0.2,1.2,1.1,0.5,0.2,0.6,0.8,2.1
Lou Williams,NBA,LAC,SG,8000000,75,1,26.6,6.5,15.2,0.425,1.4,3.9,0.361,5.1,11.3,0.447,5.7,6.5,0.876,0.5,3.0,5.4,0.8,0.1,2.4,1.1,20.0
Luke Kennard,NBA,DET,SG,3827160,63,10,22.8,3.6,8.3,0.438,1.7,4.3,0.394,1.9,4.0,0.486,0.8,1.0,0.836,0.2,2.9,1.8,0.4,0.2,0.9,1.5,9.7
Luke Kornet,NBA,NYK,PF,2250000,46,18,17.0,2.3,6.2,0.378,1.5,4.2,0.363,0.8,2.0,0.411,0.8,1.0,0.826,0.6,2.9,1.2,0.6,0.9,0.5,0.9,7.0
Malachi Richardson,NBA,TOR,SG,1569360,22,0,4.7,0.4,1.3,0.31,0.4,1.1,0.32,0.0,0.2,0.25,0.2,0.2,0.8,0.1,0.6,0.0,0.0,0.0,0.4,0.6,1.4
Malcolm Brogdon,NBA,MIL,SG,20000000,64,64,28.6,5.9,11.7,0.505,1.6,3.8,0.426,4.3,7.9,0.544,2.2,2.4,0.928,1.0,4.5,3.2,0.7,0.2,1.4,1.6,15.6
Malcolm Miller,NBA,TOR,SF,1588231,10,0,6.7,1.1,2.6,0.423,1.0,2.1,0.476,0.1,0.5,0.2,0.3,0.4,0.75,0.1,0.5,0.1,0.1,0.1,0.1,0.5,3.5
Malik Beasley,NBA,DEN,SG,2731714,81,18,23.2,4.3,9.1,0.474,2.0,5.0,0.402,2.3,4.1,0.56,0.7,0.8,0.848,0.4,2.5,1.2,0.7,0.1,0.7,1.4,11.3
Malik Monk,NBA,CHO,SG,4028400,73,0,17.2,3.1,8.0,0.387,1.5,4.5,0.33,1.6,3.5,0.461,1.2,1.4,0.882,0.2,1.9,1.6,0.5,0.3,1.2,1.5,8.9
MarShon Brooks,NBA,MEM,SG,1656092,29,0,13.3,2.6,5.8,0.45,0.5,1.9,0.278,2.1,4.0,0.53,0.8,1.1,0.697,0.4,1.6,0.9,0.3,0.1,0.7,1.1,6.6
Marc Gasol,NBA,TOT,C,25595700,79,72,30.8,4.9,11.0,0.448,1.3,3.5,0.363,3.7,7.6,0.487,2.4,3.2,0.759,1.0,7.9,4.4,1.1,1.1,2.0,2.7,13.6
Marc Gasol,NBA,MEM,C,25595700,53,53,33.7,5.7,12.9,0.444,1.4,4.2,0.344,4.3,8.7,0.491,2.9,3.8,0.756,1.1,8.6,4.7,1.1,1.2,2.2,2.8,15.7
Marc Gasol,NBA,TOR,C,25595700,26,19,24.9,3.3,7.2,0.465,0.9,2.0,0.442,2.5,5.2,0.474,1.5,2.0,0.769,0.9,6.6,3.9,0.9,0.9,1.4,2.7,9.1
Marcin Gortat,NBA,LAC,C,13565218,47,43,16.0,2.1,4.0,0.532,0.0,0.0,,2.1,4.0,0.532,0.7,1.0,0.729,1.4,5.6,1.4,0.1,0.5,1.1,2.0,5.0
Marco Belinelli,NBA,SAS,SG,5846154,79,1,23.0,3.6,8.7,0.413,1.9,5.0,0.372,1.7,3.7,0.468,1.4,1.6,0.903,0.2,2.5,1.7,0.4,0.1,0.9,1.5,10.5
Marcus Morris,NBA,BOS,PF,15000000,75,53,27.9,5.0,11.3,0.447,1.9,5.2,0.375,3.1,6.1,0.508,1.9,2.3,0.844,1.0,6.1,1.5,0.6,0.3,1.2,2.4,13.9
Marcus Smart,NBA,BOS,SG,12553571,80,60,27.5,3.0,7.1,0.422,1.6,4.3,0.364,1.4,2.8,0.511,1.3,1.6,0.806,0.7,2.9,4.0,1.8,0.4,1.5,2.5,8.9
Mario Hezonja,NBA,NYK,SF,1737145,58,24,20.8,3.3,8.0,0.412,0.7,2.6,0.276,2.6,5.4,0.478,1.5,2.0,0.763,0.5,4.1,1.5,1.0,0.1,1.5,1.9,8.8
Markelle Fultz,NBA,PHI,SG,9745200,19,15,22.5,3.4,8.2,0.419,0.2,0.7,0.286,3.2,7.4,0.433,1.1,1.9,0.568,1.4,3.7,3.1,0.9,0.3,1.3,2.7,8.2
Markieff Morris,NBA,TOT,PF,1750000,58,16,21.9,3.5,8.3,0.421,1.2,3.5,0.335,2.3,4.8,0.484,1.2,1.6,0.772,1.1,4.6,1.4,0.6,0.4,0.9,3.0,9.4
Markieff Morris,NBA,WAS,PF,1750000,34,15,26.0,4.2,9.6,0.436,1.4,4.2,0.333,2.8,5.4,0.516,1.7,2.1,0.781,1.2,5.1,1.8,0.7,0.6,1.4,3.4,11.5
Markieff Morris,NBA,OKC,PF,1750000,24,1,16.1,2.5,6.5,0.391,0.8,2.5,0.339,1.7,4.0,0.423,0.6,0.8,0.737,0.8,3.8,0.8,0.5,0.1,0.3,2.4,6.5
Marquese Chriss,NBA,TOT,PF,654469,43,2,11.6,1.6,4.2,0.372,0.4,1.7,0.222,1.2,2.5,0.472,0.7,1.0,0.711,0.9,3.3,0.5,0.4,0.3,0.8,1.9,4.2
Marquese Chriss,NBA,HOU,PF,654469,16,0,6.5,0.7,2.1,0.324,0.1,0.9,0.067,0.6,1.2,0.526,0.4,0.4,0.857,0.4,1.8,0.4,0.1,0.3,0.8,1.1,1.8
Marquese Chriss,NBA,CLE,PF,654469,27,2,14.6,2.1,5.4,0.384,0.6,2.1,0.263,1.5,3.3,0.461,1.0,1.4,0.684,1.2,4.2,0.6,0.6,0.3,0.9,2.4,5.7
Marvin Williams,NBA,CHO,PF,604278,75,75,28.4,3.7,8.7,0.422,1.9,5.1,0.366,1.8,3.6,0.5,0.9,1.1,0.767,1.0,5.4,1.2,0.9,0.8,0.6,2.1,10.1
Mason Plumlee,NBA,DEN,C,14041096,82,17,21.1,3.2,5.4,0.593,0.0,0.1,0.2,3.2,5.3,0.602,1.4,2.4,0.561,2.0,6.4,3.0,0.8,0.9,1.5,3.1,7.8
Matthew Dellavedova,NBA,TOT,PG,9607500,48,0,16.9,2.0,5.0,0.405,0.9,2.7,0.338,1.1,2.3,0.482,0.9,1.1,0.808,0.1,1.6,3.8,0.3,0.0,1.4,1.6,5.9
Matthew Dellavedova,NBA,MIL,PG,9607500,12,0,8.1,0.5,1.6,0.316,0.3,0.9,0.364,0.2,0.7,0.25,0.3,0.3,1.0,0.0,0.8,2.4,0.2,0.0,0.9,0.8,1.7
Matthew Dellavedova,NBA,CLE,PG,9607500,36,0,19.9,2.6,6.2,0.413,1.1,3.3,0.336,1.4,2.9,0.5,1.1,1.3,0.792,0.2,1.9,4.2,0.3,0.1,1.6,1.8,7.3
Maurice Harkless,NBA,POR,SF,11011234,60,53,23.6,3.2,6.5,0.487,0.6,2.0,0.275,2.6,4.5,0.582,0.8,1.2,0.671,1.3,4.5,1.2,1.1,0.9,0.8,2.7,7.7
Maxi Kleber,NBA,DAL,PF,8000000,71,18,21.2,2.5,5.4,0.453,1.1,3.1,0.353,1.4,2.4,0.583,0.8,1.0,0.784,1.3,4.6,1.0,0.5,1.1,0.8,2.0,6.8
Melvin Frazier,NBA,ORL,SG,1416852,10,0,4.4,0.7,2.1,0.333,0.0,0.6,0.0,0.7,1.5,0.467,0.1,0.4,0.25,0.3,0.5,0.1,0.1,0.0,0.1,0.6,1.5
Meyers Leonard,NBA,POR,C,11286516,61,2,14.4,2.2,4.0,0.545,0.8,1.8,0.45,1.3,2.1,0.626,0.7,0.8,0.843,0.8,3.8,1.2,0.2,0.1,0.7,1.7,5.9
Michael Beasley,NBA,LAL,PF,3500000,26,2,10.7,2.9,5.9,0.49,0.1,0.7,0.176,2.8,5.2,0.529,1.1,1.5,0.718,0.5,2.3,1.0,0.3,0.4,1.0,1.6,7.0
Michael Carter-Williams,NBA,TOT,PG,1620564,28,1,13.3,1.6,4.4,0.374,0.4,1.4,0.263,1.3,3.0,0.424,1.1,1.9,0.604,0.7,2.5,2.5,0.7,0.5,0.7,1.7,4.8
Michael Carter-Williams,NBA,HOU,PG,1620564,16,1,9.1,1.6,3.8,0.41,0.4,1.2,0.368,1.1,2.6,0.429,0.8,1.6,0.462,0.2,0.8,1.3,0.6,0.4,0.6,1.7,4.3
Michael Carter-Williams,NBA,ORL,PG,1620564,12,0,18.9,1.8,5.2,0.339,0.3,1.6,0.158,1.5,3.6,0.419,1.7,2.3,0.741,1.3,4.8,4.1,0.9,0.8,0.8,1.8,5.4
Michael Kidd-Gilchrist,NBA,CHO,PF,595122,64,3,18.4,2.5,5.2,0.476,0.3,0.7,0.34,2.2,4.5,0.498,1.5,1.9,0.772,1.4,3.8,1.0,0.5,0.6,0.7,2.4,6.7
Mikal Bridges,NBA,PHO,SF,4161000,82,56,29.5,3.0,6.9,0.43,1.3,3.8,0.335,1.7,3.0,0.548,1.2,1.4,0.805,0.7,3.2,2.1,1.6,0.5,0.9,2.5,8.3
Mike Conley,NBA,MEM,PG,32511624,70,70,33.5,7.0,16.0,0.438,2.2,6.1,0.364,4.8,9.9,0.483,4.9,5.8,0.845,0.6,3.4,6.4,1.3,0.3,1.9,1.8,21.1
Mike Muscala,NBA,TOT,PF,2028594,64,10,20.4,2.3,5.6,0.402,1.4,4.0,0.348,0.9,1.6,0.533,1.1,1.3,0.824,0.9,3.8,1.2,0.3,0.6,0.8,2.0,7.0
Mike Muscala,NBA,PHI,PF,2028594,47,6,22.1,2.3,5.9,0.392,1.4,4.2,0.342,0.9,1.7,0.519,1.3,1.6,0.818,1.1,4.3,1.3,0.4,0.6,0.9,2.4,7.4
Mike Muscala,NBA,LAL,PF,2028594,17,4,15.6,2.1,4.9,0.434,1.2,3.4,0.368,0.9,1.5,0.577,0.4,0.5,0.875,0.4,2.6,0.8,0.2,0.6,0.3,1.1,5.9
Mike Scott,NBA,TOT,PF,4767000,79,3,17.7,2.1,5.3,0.4,1.3,3.2,0.401,0.8,2.1,0.399,0.3,0.4,0.667,0.5,3.5,0.8,0.3,0.2,0.6,2.0,5.8
Mike Scott,NBA,LAC,PF,4767000,52,0,14.4,1.8,4.4,0.4,1.0,2.6,0.391,0.8,1.9,0.412,0.2,0.3,0.667,0.5,3.3,0.8,0.3,0.2,0.5,1.7,4.8
Mike Scott,NBA,PHI,PF,4767000,27,3,24.0,2.8,7.0,0.4,1.8,4.4,0.412,1.0,2.6,0.38,0.4,0.6,0.667,0.7,3.8,0.8,0.3,0.2,0.6,2.5,7.8
Miles Bridges,NBA,CHO,SF,3755400,80,25,21.2,3.0,6.4,0.464,0.8,2.5,0.325,2.2,3.9,0.553,0.7,1.0,0.753,0.8,4.0,1.2,0.7,0.6,0.6,1.4,7.5
Miles Plumlee,NBA,ATL,C,12500000,18,0,9.6,1.8,2.7,0.667,0.0,0.0,,1.8,2.7,0.667,0.9,1.7,0.533,0.9,2.2,0.9,0.3,0.2,0.6,0.8,4.4
Mitchell Robinson,NBA,NYK,C,1599712,66,19,20.6,3.1,4.4,0.694,0.0,0.0,,3.1,4.4,0.694,1.2,2.0,0.6,2.7,6.4,0.6,0.8,2.4,0.5,3.3,7.3
Mo Bamba,NBA,ORL,C,5697600,47,1,16.3,2.5,5.2,0.481,0.4,1.5,0.3,2.0,3.7,0.555,0.8,1.3,0.587,1.4,5.0,0.8,0.3,1.4,0.9,2.2,6.2
Monte Morris,NBA,DEN,PG,1588231,82,6,24.0,4.2,8.6,0.493,1.1,2.8,0.414,3.1,5.8,0.531,0.8,1.0,0.802,0.4,2.4,3.6,0.9,0.0,0.6,1.2,10.4
Montrezl Harrell,NBA,LAC,C,6000000,82,5,26.3,6.7,10.8,0.615,0.0,0.2,0.176,6.6,10.6,0.623,3.2,5.0,0.643,2.2,6.5,2.0,0.9,1.3,1.6,3.1,16.6
Moritz Wagner,NBA,LAL,C,2063520,43,5,10.4,1.7,4.0,0.415,0.5,1.8,0.286,1.1,2.2,0.521,1.0,1.2,0.811,0.4,2.0,0.6,0.3,0.3,0.9,1.3,4.8
Myles Turner,NBA,IND,C,18000000,74,74,28.6,5.1,10.5,0.487,1.0,2.6,0.388,4.1,7.9,0.521,2.0,2.7,0.736,1.4,7.2,1.6,0.8,2.7,1.4,2.6,13.3
Nemanja Bjelica,NBA,SAC,PF,6825000,77,70,23.2,3.7,7.7,0.479,1.3,3.3,0.401,2.4,4.4,0.539,0.9,1.2,0.761,1.6,5.8,1.9,0.7,0.7,1.1,2.6,9.6
Nerlens Noel,NBA,OKC,C,1620564,77,2,13.7,2.1,3.6,0.587,0.0,0.0,,2.1,3.6,0.587,0.7,1.0,0.684,1.6,4.2,0.6,0.9,1.2,0.6,2.2,4.9
Nick Young,NBA,DEN,SG,1042584,4,0,9.3,0.8,2.3,0.333,0.8,2.0,0.375,0.0,0.3,0.0,0.0,0.0,,0.0,0.3,0.5,0.0,0.3,0.5,1.0,2.3
Nicolas Batum,NBA,CHO,SF,25565217,75,72,31.4,3.4,7.5,0.45,1.5,4.0,0.389,1.8,3.5,0.519,1.0,1.2,0.865,0.9,5.2,3.3,0.9,0.6,1.6,1.9,9.3
Noah Vonleh,NBA,NYK,PF,2000000,68,57,25.3,3.0,6.5,0.47,0.7,2.0,0.336,2.4,4.5,0.531,1.6,2.3,0.712,1.7,7.8,1.9,0.7,0.8,1.3,2.6,8.4
Norman Powell,NBA,TOR,SG,10116576,60,3,18.8,3.2,6.7,0.483,1.1,2.8,0.4,2.1,3.8,0.543,1.0,1.3,0.827,0.3,2.3,1.5,0.7,0.2,1.1,1.6,8.6
OG Anunoby,NBA,TOR,SF,2281800,67,6,20.2,2.7,6.0,0.453,1.0,3.0,0.332,1.7,3.0,0.574,0.5,0.9,0.581,0.9,2.9,0.7,0.7,0.3,0.8,2.1,7.0
Okaro White,NBA,WAS,PF,1187862,3,0,2.0,0.0,0.7,0.0,0.0,0.7,0.0,0.0,0.0,,0.0,0.0,,0.3,0.7,0.0,0.0,0.0,0.0,0.0,0.0
Omari Spellman,NBA,ATL,PF,1897800,46,11,17.5,2.1,5.3,0.402,1.0,2.8,0.344,1.2,2.5,0.466,0.7,1.0,0.711,1.6,4.2,1.0,0.6,0.5,0.7,1.5,5.9
Omri Casspi,NBA,MEM,SF,1512601,36,0,14.4,2.4,4.5,0.534,0.4,1.2,0.349,2.0,3.3,0.602,1.1,1.6,0.672,0.5,3.2,0.7,0.6,0.3,0.6,1.0,6.3
P.J. Tucker,NBA,HOU,PF,8349039,82,82,34.2,2.5,6.4,0.396,1.8,4.7,0.377,0.7,1.7,0.449,0.5,0.7,0.695,1.5,5.8,1.2,1.6,0.5,0.8,3.1,7.3
Pascal Siakam,NBA,TOR,PF,2351839,80,79,31.9,6.5,11.8,0.549,1.0,2.7,0.369,5.5,9.1,0.602,3.0,3.8,0.785,1.6,6.9,3.1,0.9,0.7,1.9,3.0,16.9
Pat Connaughton,NBA,MIL,SG,1723050,61,2,20.7,2.7,5.7,0.466,1.1,3.3,0.33,1.6,2.5,0.647,0.5,0.7,0.725,1.0,4.2,2.0,0.5,0.4,0.5,1.3,6.9
Patrick Beverley,NBA,LAC,PG,12345680,78,49,27.4,2.5,6.1,0.407,1.4,3.6,0.397,1.1,2.5,0.421,1.2,1.6,0.78,1.0,5.0,3.8,0.9,0.6,1.1,3.4,7.6
Patrick McCaw,NBA,TOT,SG,4000000,29,1,13.7,0.9,2.2,0.413,0.3,1.0,0.321,0.6,1.2,0.486,0.4,0.5,0.867,0.2,1.7,1.0,0.8,0.1,0.6,1.3,2.6
Patrick McCaw,NBA,CLE,SG,4000000,3,0,17.7,0.7,3.0,0.222,0.3,1.3,0.25,0.3,1.7,0.2,0.0,0.0,,0.0,1.0,0.7,0.7,0.0,1.0,0.3,1.7
Patrick McCaw,NBA,TOR,SG,4000000,26,1,13.2,0.9,2.1,0.444,0.3,0.9,0.333,0.6,1.2,0.533,0.5,0.6,0.867,0.3,1.7,1.0,0.8,0.1,0.5,1.4,2.7
Patrick Patterson,NBA,OKC,PF,1620564,63,5,13.7,1.3,3.5,0.374,0.7,2.2,0.336,0.6,1.3,0.439,0.3,0.5,0.633,0.7,2.3,0.5,0.3,0.2,0.3,0.7,3.6
Patty Mills,NBA,SAS,PG,12428571,82,1,23.3,3.4,8.1,0.425,1.9,4.9,0.394,1.5,3.2,0.475,1.1,1.3,0.854,0.3,2.2,3.0,0.6,0.1,1.1,1.6,9.9
Paul George,NBA,OKC,SF,30560700,77,77,36.9,9.2,21.0,0.438,3.8,9.8,0.386,5.4,11.1,0.484,5.9,7.0,0.839,1.4,8.2,4.1,2.2,0.4,2.7,2.8,28.0
Paul Millsap,NBA,DEN,PF,30350000,70,65,27.1,4.6,9.5,0.484,0.8,2.3,0.365,3.8,7.2,0.522,2.6,3.6,0.727,2.2,7.2,2.0,1.2,0.8,1.4,2.6,12.6
Quinn Cook,NBA,GSW,PG,3000000,74,10,14.3,2.8,5.9,0.465,1.1,2.7,0.405,1.7,3.2,0.515,0.3,0.4,0.769,0.3,2.1,1.6,0.3,0.0,0.7,1.2,6.9
Rajon Rondo,NBA,LAL,PG,2564753,46,29,29.8,3.8,9.4,0.405,1.1,3.1,0.359,2.7,6.3,0.428,0.5,0.8,0.639,0.7,5.3,8.0,1.2,0.2,2.8,2.2,9.2
Raul Neto,NBA,UTA,PG,1620564,37,1,12.8,2.0,4.4,0.46,0.5,1.6,0.333,1.5,2.7,0.535,0.8,0.9,0.848,0.2,1.7,2.5,0.4,0.1,0.9,1.3,5.3
Reggie Bullock,NBA,TOT,SG,4000000,63,60,29.8,3.9,9.4,0.412,2.3,6.2,0.377,1.5,3.2,0.483,1.2,1.3,0.859,0.3,2.7,2.0,0.6,0.2,1.0,1.7,11.3
Reggie Bullock,NBA,DET,SG,4000000,44,44,30.8,4.1,10.0,0.413,2.6,6.7,0.388,1.5,3.3,0.463,1.3,1.5,0.875,0.5,2.8,2.5,0.5,0.1,1.2,1.8,12.1
Reggie Bullock,NBA,LAL,SG,4000000,19,16,27.6,3.3,8.1,0.412,1.8,5.2,0.343,1.5,2.8,0.537,0.9,1.1,0.81,0.1,2.6,1.1,0.8,0.4,0.6,1.6,9.3
Reggie Jackson,NBA,DET,PG,512721,82,82,27.9,5.4,12.8,0.421,2.1,5.7,0.369,3.3,7.0,0.464,2.5,2.9,0.864,0.5,2.6,4.2,0.7,0.1,1.8,2.5,15.4
Richaun Holmes,NBA,PHO,C,4767000,70,4,16.9,3.2,5.2,0.608,0.0,0.0,,3.2,5.2,0.608,1.8,2.5,0.731,1.6,4.7,0.9,0.6,1.1,0.7,2.8,8.2
Ricky Rubio,NBA,UTA,PG,16200000,68,67,27.9,4.3,10.7,0.404,1.2,3.7,0.311,3.2,7.0,0.454,2.9,3.4,0.855,0.5,3.6,6.1,1.3,0.1,2.6,2.6,12.7
Robert Covington,NBA,TOT,SF,11301219,35,35,34.4,4.5,10.3,0.431,2.4,6.4,0.378,2.0,3.9,0.518,1.9,2.5,0.764,0.8,5.5,1.3,2.1,1.3,1.3,3.6,13.3
Robert Covington,NBA,PHI,SF,11301219,13,13,33.8,3.8,9.0,0.427,2.3,5.9,0.39,1.5,3.1,0.5,1.3,1.8,0.739,0.5,5.2,1.1,1.8,1.8,1.7,3.5,11.3
Robert Covington,NBA,MIN,SF,11301219,22,22,34.7,4.8,11.1,0.433,2.5,6.7,0.372,2.3,4.4,0.526,2.3,3.0,0.773,1.0,5.7,1.5,2.3,1.1,1.1,3.7,14.5
Robert Williams,NBA,BOS,C,1937520,32,2,8.8,1.1,1.6,0.706,0.0,0.0,,1.1,1.6,0.706,0.3,0.5,0.6,0.8,2.5,0.2,0.3,1.3,0.3,1.1,2.5
Robin Lopez,NBA,CHI,C,4767000,74,36,21.7,4.1,7.2,0.568,0.1,0.4,0.226,4.0,6.8,0.589,1.2,1.7,0.724,1.9,3.9,1.2,0.1,1.1,1.3,1.7,9.5
Rodions Kurucs,NBA,BRK,SF,1699236,63,46,20.5,3.2,7.1,0.45,0.9,2.9,0.315,2.3,4.2,0.543,1.1,1.5,0.783,0.9,3.9,0.8,0.7,0.4,1.2,2.3,8.5
Rodney Hood,NBA,TOT,SG,5718000,72,49,26.3,4.1,9.3,0.435,1.2,3.3,0.356,2.9,6.0,0.478,1.9,2.2,0.884,0.3,2.2,1.8,0.8,0.2,0.8,2.0,11.2
Rodney Hood,NBA,CLE,SG,5718000,45,45,27.4,4.3,10.1,0.427,1.2,3.4,0.362,3.1,6.7,0.46,2.3,2.5,0.912,0.4,2.5,2.0,0.8,0.1,0.8,2.2,12.2
Rodney Hood,NBA,POR,SG,5718000,27,4,24.4,3.6,8.0,0.452,1.1,3.1,0.345,2.6,4.9,0.519,1.2,1.5,0.805,0.3,1.7,1.3,0.8,0.3,0.7,1.7,9.6
Rodney McGruder,NBA,MIA,SG,4807693,66,45,23.5,2.8,7.0,0.403,1.2,3.4,0.351,1.6,3.6,0.453,0.8,1.1,0.722,0.9,3.6,1.7,0.5,0.2,1.0,1.7,7.6
Ron Baker,NBA,TOT,SG,948580,15,0,10.1,0.3,1.3,0.2,0.1,0.9,0.077,0.2,0.5,0.429,0.3,0.4,0.833,0.1,0.7,1.0,0.4,0.1,0.3,1.2,0.9
Ron Baker,NBA,NYK,SG,948580,11,0,9.7,0.4,1.5,0.25,0.1,0.8,0.111,0.3,0.6,0.429,0.5,0.5,0.833,0.1,0.6,1.2,0.5,0.0,0.3,1.5,1.3
Ron Baker,NBA,WAS,SG,948580,4,0,11.3,0.0,1.0,0.0,0.0,1.0,0.0,0.0,0.0,,0.0,0.0,,0.0,1.0,0.5,0.3,0.3,0.5,0.5,0.0
Rondae Hollis-Jefferson,NBA,BRK,SF,2500000,59,21,20.9,3.4,8.3,0.411,0.2,0.8,0.184,3.2,7.4,0.436,2.0,3.1,0.645,1.4,5.3,1.6,0.7,0.5,1.2,1.8,8.9
Royce O'Neale,NBA,UTA,SF,1618520,82,16,20.4,2.0,4.2,0.475,0.8,2.1,0.386,1.2,2.0,0.569,0.4,0.5,0.762,0.3,3.5,1.5,0.7,0.3,0.9,2.1,5.2
Rudy Gay,NBA,SAS,PF,14500000,69,51,26.7,5.4,10.8,0.504,1.1,2.7,0.402,4.4,8.1,0.537,1.7,2.1,0.816,0.9,6.8,2.6,0.8,0.5,1.7,2.3,13.7
Rudy Gobert,NBA,UTA,C,23241573,81,80,31.8,5.9,8.8,0.669,0.0,0.0,,5.9,8.8,0.669,4.1,6.4,0.636,3.8,12.9,2.0,0.8,2.3,1.6,2.9,15.9
Russell Westbrook,NBA,OKC,PG,38506482,73,73,36.0,8.6,20.2,0.428,1.6,5.6,0.29,7.0,14.5,0.481,4.1,6.2,0.656,1.5,11.1,10.7,1.9,0.5,4.5,3.4,22.9
Ryan Anderson,NBA,TOT,PF,1620564,25,8,12.9,0.8,2.8,0.304,0.4,1.6,0.225,0.5,1.2,0.414,0.5,0.6,0.75,0.7,2.2,0.8,0.2,0.0,0.6,1.0,2.5
Ryan Anderson,NBA,PHO,PF,1620564,15,8,18.5,1.3,4.0,0.317,0.5,2.3,0.206,0.8,1.7,0.462,0.7,0.9,0.786,0.9,3.0,1.1,0.2,0.1,0.8,1.5,3.7
Ryan Anderson,NBA,MIA,PF,1620564,10,0,4.4,0.2,0.9,0.222,0.2,0.6,0.333,0.0,0.3,0.0,0.1,0.2,0.5,0.4,0.9,0.2,0.1,0.0,0.2,0.2,0.7
Ryan Arcidiacono,NBA,CHI,PG,3000000,81,32,24.2,2.3,5.2,0.447,1.0,2.7,0.373,1.3,2.5,0.527,1.1,1.3,0.873,0.3,2.7,3.3,0.8,0.0,0.8,2.1,6.7
Ryan Broekhoff,NBA,DAL,SG,1416852,42,0,10.8,1.4,3.0,0.452,0.9,2.2,0.409,0.5,0.8,0.576,0.4,0.5,0.789,0.2,1.5,0.5,0.1,0.1,0.4,0.8,4.0
Semi Ojeleye,NBA,BOS,PF,1618520,56,3,10.6,1.2,2.8,0.424,0.5,1.6,0.315,0.7,1.2,0.565,0.4,0.7,0.615,0.4,1.5,0.4,0.2,0.1,0.3,0.8,3.3
Serge Ibaka,NBA,TOR,C,23271604,74,51,27.2,6.3,11.9,0.529,0.7,2.3,0.29,5.6,9.6,0.586,1.8,2.4,0.763,2.1,8.1,1.3,0.4,1.4,1.5,2.9,15.0
Seth Curry,NBA,POR,SG,7461380,74,2,18.9,2.9,6.3,0.456,1.5,3.4,0.45,1.3,2.9,0.463,0.6,0.7,0.846,0.4,1.6,0.9,0.5,0.2,0.8,1.3,7.9
Shabazz Napier,NBA,BRK,PG,1845301,56,2,17.6,3.0,7.8,0.389,1.4,4.1,0.333,1.7,3.7,0.449,2.1,2.5,0.833,0.3,1.8,2.6,0.7,0.3,1.2,1.2,9.4
Shai Gilgeous-Alexander,NBA,LAC,PG,3952920,82,73,26.5,4.2,8.7,0.476,0.6,1.7,0.367,3.5,7.0,0.503,1.9,2.4,0.8,0.7,2.8,3.3,1.2,0.5,1.7,2.1,10.8
Shake Milton,NBA,PHI,SG,1455697,20,0,13.4,1.7,4.4,0.391,0.7,2.2,0.318,1.0,2.2,0.465,0.3,0.4,0.714,0.5,1.8,0.9,0.4,0.4,0.3,1.5,4.4
Shaquille Harrison,NBA,CHI,SG,1620564,73,11,19.6,2.5,5.8,0.432,0.3,1.2,0.27,2.2,4.6,0.475,1.1,1.7,0.667,0.5,3.0,1.9,1.2,0.4,0.8,1.7,6.5
Solomon Hill,NBA,NOP,SF,12758781,44,15,20.0,1.5,4.0,0.382,0.7,2.3,0.317,0.8,1.8,0.468,0.5,0.7,0.719,0.8,3.0,1.3,0.5,0.2,0.7,1.8,4.3
Spencer Dinwiddie,NBA,BRK,PG,10605600,68,4,28.1,5.4,12.2,0.442,1.8,5.4,0.335,3.6,6.7,0.528,4.2,5.2,0.806,0.4,2.4,4.6,0.6,0.3,2.2,2.8,16.8
Stanley Johnson,NBA,TOT,SF,3623000,66,7,18.3,2.6,6.7,0.389,0.9,3.3,0.288,1.7,3.4,0.484,0.8,1.0,0.781,0.5,3.3,1.3,0.9,0.2,1.2,1.7,6.9
Stanley Johnson,NBA,DET,SF,3623000,48,7,20.0,2.8,7.3,0.381,1.1,3.8,0.282,1.7,3.5,0.488,0.9,1.1,0.804,0.5,3.6,1.3,1.0,0.3,1.1,1.9,7.5
Stanley Johnson,NBA,NOP,SF,3623000,18,0,13.7,2.1,5.1,0.418,0.6,1.9,0.324,1.5,3.2,0.474,0.5,0.7,0.692,0.5,2.3,1.6,0.7,0.1,1.4,1.2,5.3
Stephen Curry,NBA,GSW,PG,40231758,69,69,33.8,9.2,19.4,0.472,5.1,11.7,0.437,4.0,7.7,0.525,3.8,4.2,0.916,0.7,5.3,5.2,1.3,0.4,2.8,2.4,27.3
Sterling Brown,NBA,MIL,SG,1618520,58,7,17.8,2.5,5.4,0.465,0.9,2.5,0.361,1.6,2.8,0.558,0.5,0.7,0.69,0.5,3.2,1.4,0.4,0.1,0.8,1.5,6.4
Steven Adams,NBA,OKC,C,25842697,80,80,33.4,6.0,10.1,0.595,0.0,0.0,0.0,6.0,10.1,0.596,1.8,3.7,0.5,4.9,9.5,1.6,1.5,1.0,1.7,2.6,13.9
Svi Mykhailiuk,NBA,TOT,SF,1416852,42,0,10.5,1.1,3.3,0.329,0.7,2.1,0.326,0.4,1.2,0.333,0.3,0.5,0.6,0.2,0.9,0.9,0.3,0.0,0.5,0.6,3.2
Svi Mykhailiuk,NBA,LAL,SF,1416852,39,0,10.8,1.1,3.4,0.333,0.7,2.2,0.318,0.4,1.2,0.362,0.3,0.5,0.6,0.2,0.9,0.8,0.3,0.0,0.5,0.6,3.3
Svi Mykhailiuk,NBA,DET,SF,1416852,3,0,6.7,0.7,2.7,0.25,0.7,1.3,0.5,0.0,1.3,0.0,0.0,0.0,,0.3,0.7,1.3,0.3,0.0,0.3,0.0,2.0
T.J. Leaf,NBA,IND,PF,2813280,58,1,9.0,1.7,3.2,0.541,0.1,0.5,0.258,1.6,2.6,0.599,0.3,0.5,0.613,0.7,2.2,0.4,0.2,0.3,0.2,0.6,3.9
T.J. McConnell,NBA,PHI,PG,3500000,76,3,19.3,2.9,5.5,0.525,0.2,0.6,0.333,2.7,5.0,0.546,0.4,0.5,0.784,0.4,2.3,3.4,1.0,0.2,1.2,1.4,6.4
T.J. Warren,NBA,PHO,SF,10810000,43,36,31.6,6.9,14.2,0.486,1.8,4.2,0.428,5.1,10.0,0.51,2.3,2.9,0.815,0.7,4.0,1.5,1.2,0.7,1.2,2.8,18.0
Taj Gibson,NBA,MIN,PF,9000000,70,57,24.1,4.3,7.7,0.566,0.2,0.5,0.324,4.2,7.2,0.583,1.9,2.5,0.757,2.5,6.5,1.2,0.8,0.6,1.0,2.7,10.8
Taurean Prince,NBA,ATL,SF,3481986,55,47,28.2,4.8,10.8,0.441,2.2,5.7,0.39,2.5,5.1,0.498,1.7,2.1,0.819,0.4,3.6,2.1,1.0,0.3,1.8,2.6,13.5
Terrance Ferguson,NBA,OKC,SG,2475840,74,74,26.1,2.5,5.8,0.429,1.4,3.9,0.366,1.1,1.9,0.56,0.5,0.7,0.725,0.4,1.9,1.0,0.5,0.2,0.6,3.1,6.9
Terrence Ross,NBA,ORL,SG,12500000,81,0,26.5,5.4,12.7,0.428,2.7,7.0,0.383,2.8,5.7,0.484,1.6,1.8,0.875,0.3,3.5,1.7,0.9,0.4,1.1,1.5,15.1
Terry Rozier,NBA,BOS,PG,19894737,79,14,22.7,3.3,8.4,0.387,1.5,4.3,0.353,1.8,4.2,0.422,0.9,1.2,0.785,0.4,3.9,2.9,0.9,0.3,0.9,1.3,9.0
Thabo Sefolosha,NBA,UTA,SF,1620564,50,2,12.2,1.4,3.0,0.477,0.7,1.6,0.436,0.7,1.4,0.521,0.3,0.4,0.636,0.2,2.5,0.5,0.9,0.1,0.5,0.8,3.8
Thaddeus Young,NBA,IND,PF,12900000,81,81,30.7,5.5,10.4,0.527,0.6,1.8,0.349,4.8,8.6,0.564,1.1,1.7,0.644,2.4,6.5,2.5,1.5,0.4,1.5,2.4,12.6
Theo Pinson,NBA,BRK,SG,1445697,18,0,11.7,1.4,4.1,0.342,0.7,2.6,0.261,0.7,1.5,0.481,1.1,1.2,0.864,0.2,2.0,1.2,0.3,0.0,1.0,0.8,4.5
Thomas Bryant,NBA,WAS,C,8000000,72,53,20.8,4.3,7.0,0.616,0.5,1.4,0.333,3.8,5.6,0.685,1.5,1.9,0.781,1.6,6.3,1.3,0.3,0.9,0.8,1.8,10.5
Thon Maker,NBA,TOT,C-PF,3569643,64,5,15.2,1.7,4.2,0.407,0.8,2.4,0.32,0.9,1.8,0.522,0.9,1.3,0.667,0.6,3.2,0.7,0.3,0.8,0.5,1.6,5.0
Thon Maker,NBA,MIL,C,3569643,35,0,11.7,1.7,3.8,0.44,0.7,2.2,0.333,0.9,1.6,0.589,0.6,1.1,0.541,0.5,2.7,0.5,0.3,0.5,0.3,1.6,4.7
Thon Maker,NBA,DET,PF,3569643,29,5,19.4,1.7,4.6,0.373,0.8,2.6,0.307,0.9,2.0,0.458,1.2,1.6,0.766,0.8,3.7,0.9,0.4,1.1,0.8,1.7,5.5
Tim Frazier,NBA,TOT,PG,1620564,59,19,19.0,2.0,4.4,0.444,0.6,1.7,0.366,1.3,2.7,0.494,0.7,0.9,0.759,0.7,2.8,4.2,0.5,0.1,1.3,1.9,5.3
Tim Frazier,NBA,NOP,PG,1620564,47,17,19.3,1.9,4.1,0.451,0.6,1.6,0.351,1.3,2.5,0.517,0.7,0.9,0.78,0.7,2.9,4.4,0.5,0.1,1.3,2.0,5.0
Tim Frazier,NBA,MIL,PG,1620564,12,2,17.6,2.3,5.5,0.424,0.8,2.0,0.417,1.5,3.5,0.429,0.8,1.1,0.692,0.8,2.6,3.5,0.4,0.1,1.3,1.6,6.3
Tobias Harris,NBA,TOT,PF,32742000,82,82,34.7,7.5,15.3,0.487,1.9,4.8,0.397,5.5,10.5,0.528,3.2,3.7,0.866,0.8,7.9,2.8,0.6,0.5,1.8,2.2,20.0
Tobias Harris,NBA,LAC,PF,32742000,55,55,34.6,7.7,15.5,0.496,2.0,4.7,0.434,5.7,10.9,0.523,3.5,4.0,0.877,0.7,7.9,2.7,0.7,0.4,2.0,2.2,20.9
Tobias Harris,NBA,PHI,PF,32742000,27,27,35.0,6.9,14.8,0.469,1.6,5.0,0.326,5.3,9.8,0.542,2.7,3.3,0.841,1.2,7.9,2.9,0.4,0.5,1.6,2.3,18.2
Tony Bradley,NBA,UTA,C,1962360,3,0,12.0,2.7,5.3,0.5,0.0,0.0,,2.7,5.3,0.5,0.3,0.7,0.5,3.0,5.0,0.3,0.7,0.7,1.0,2.0,5.7
Tony Snell,NBA,MIL,SF,11392857,74,12,17.6,2.2,4.9,0.452,1.1,2.8,0.397,1.1,2.1,0.522,0.5,0.6,0.881,0.4,2.1,0.9,0.4,0.2,0.3,1.2,6.0
Torrey Craig,NBA,DEN,SF,2000000,75,37,20.0,2.1,4.8,0.442,0.8,2.5,0.324,1.3,2.3,0.569,0.7,0.9,0.7,1.2,3.5,1.0,0.5,0.6,0.6,2.3,5.7
Trae Young,NBA,ATL,PG,6273000,81,81,30.9,6.5,15.5,0.418,1.9,6.0,0.324,4.6,9.6,0.477,4.2,5.1,0.829,0.8,3.7,8.1,0.9,0.2,3.8,1.7,19.1
Treveon Graham,NBA,BRK,SG,1645357,35,21,20.4,1.8,5.5,0.335,1.1,3.7,0.297,0.7,1.8,0.413,0.5,0.6,0.818,0.7,3.1,1.0,0.4,0.2,0.5,1.9,5.3
Trevor Ariza,NBA,TOT,SF,12195122,69,69,34.0,4.3,10.7,0.399,2.1,6.3,0.334,2.2,4.4,0.493,1.9,2.4,0.793,0.7,5.4,3.7,1.3,0.3,1.5,1.9,12.5
Trevor Ariza,NBA,PHO,SF,12195122,26,26,34.0,3.3,8.7,0.379,1.9,5.3,0.36,1.4,3.4,0.409,1.4,1.7,0.837,0.6,5.6,3.3,1.5,0.3,1.5,1.7,9.9
Trevor Ariza,NBA,WAS,SF,12195122,43,43,34.1,4.8,11.8,0.409,2.2,6.9,0.322,2.6,5.0,0.528,2.2,2.8,0.777,0.8,5.3,3.8,1.2,0.3,1.6,2.0,14.1
Trey Burke,NBA,TOT,PG,1620564,58,8,19.4,4.1,9.4,0.431,1.0,2.7,0.352,3.1,6.7,0.463,1.8,2.1,0.831,0.5,1.7,2.7,0.6,0.1,0.8,1.0,10.9
Trey Burke,NBA,NYK,PG,1620564,33,7,20.9,4.5,10.8,0.413,0.9,2.6,0.349,3.6,8.2,0.434,1.9,2.3,0.827,0.5,1.9,2.8,0.6,0.2,0.9,1.0,11.8
Trey Burke,NBA,DAL,PG,1620564,25,1,17.4,3.5,7.6,0.463,1.0,2.9,0.356,2.5,4.7,0.53,1.6,2.0,0.837,0.5,1.5,2.6,0.5,0.1,0.8,1.0,9.7
Trey Lyles,NBA,DEN,PF,5500000,64,2,17.5,3.2,7.7,0.418,0.8,3.1,0.255,2.4,4.6,0.529,1.3,1.8,0.698,0.7,3.8,1.4,0.5,0.4,1.1,1.5,8.5
Tristan Thompson,NBA,CLE,C,18539130,43,40,27.9,4.7,8.8,0.529,0.0,0.0,,4.7,8.8,0.529,1.6,2.5,0.642,4.0,10.2,2.0,0.7,0.4,1.4,2.1,10.9
Troy Daniels,NBA,PHO,SG,384541,51,1,14.9,2.2,5.4,0.411,1.5,3.8,0.381,0.8,1.6,0.481,0.4,0.5,0.783,0.3,1.4,0.5,0.5,0.1,0.5,1.5,6.2
Tyler Johnson,NBA,TOT,PG,183115,57,22,26.8,3.8,9.2,0.413,1.6,4.6,0.346,2.2,4.7,0.477,1.7,2.2,0.748,0.6,3.0,2.9,0.9,0.5,1.4,1.7,10.9
Tyler Johnson,NBA,MIA,PG,183115,44,10,25.5,3.9,9.1,0.426,1.6,4.6,0.353,2.3,4.5,0.503,1.4,2.0,0.693,0.4,2.8,2.5,0.9,0.5,1.4,1.6,10.8
Tyler Johnson,NBA,PHO,PG,183115,13,12,31.2,3.5,9.6,0.368,1.4,4.3,0.321,2.2,5.3,0.406,2.6,3.0,0.872,1.2,4.0,4.2,1.1,0.5,1.1,1.9,11.1
Tyler Lydon,NBA,DEN,PF,1620564,25,0,3.8,0.4,0.7,0.5,0.2,0.4,0.4,0.2,0.3,0.625,0.0,0.1,0.333,0.3,0.7,0.2,0.1,0.0,0.2,0.4,0.9
Tyler Zeller,NBA,TOT,C,245686,6,1,15.5,2.7,5.0,0.533,0.0,0.2,0.0,2.7,4.8,0.552,2.3,3.0,0.778,1.8,4.0,0.7,0.2,0.5,0.7,3.3,7.7
Tyler Zeller,NBA,ATL,C,245686,2,0,5.5,0.0,1.0,0.0,0.0,0.5,0.0,0.0,0.5,0.0,0.0,0.0,,1.0,3.0,0.5,0.0,0.0,0.0,2.0,0.0
Tyler Zeller,NBA,MEM,C,245686,4,1,20.5,4.0,7.0,0.571,0.0,0.0,,4.0,7.0,0.571,3.5,4.5,0.778,2.3,4.5,0.8,0.3,0.8,1.0,4.0,11.5
Tyreke Evans,NBA,IND,SG,12400000,69,18,20.3,3.7,9.6,0.389,1.1,3.1,0.356,2.6,6.4,0.405,1.7,2.3,0.719,0.5,2.9,2.4,0.8,0.3,1.7,1.7,10.2
Tyrone Wallace,NBA,LAC,PG,1588231,62,0,10.1,1.5,3.5,0.424,0.1,0.3,0.211,1.4,3.2,0.444,0.5,0.9,0.526,0.3,1.6,0.7,0.3,0.1,0.6,1.3,3.5
Tyson Chandler,NBA,TOT,C,1620564,55,6,15.9,1.1,1.8,0.616,0.0,0.0,0.0,1.1,1.8,0.622,0.9,1.6,0.586,1.7,5.6,0.7,0.4,0.4,0.8,2.0,3.1
Tyson Chandler,NBA,PHO,C,1620564,7,0,12.7,1.1,1.7,0.667,0.0,0.0,,1.1,1.7,0.667,1.4,2.6,0.556,1.0,5.6,0.9,0.3,0.1,1.0,3.0,3.7
Tyson Chandler,NBA,LAL,C,1620564,48,6,16.4,1.1,1.8,0.609,0.0,0.0,0.0,1.1,1.8,0.616,0.9,1.4,0.594,1.8,5.6,0.6,0.4,0.5,0.7,1.9,3.1
Tyus Jones,NBA,MIN,PG,9258000,68,23,22.9,2.7,6.6,0.415,0.6,1.9,0.317,2.1,4.7,0.453,0.9,1.0,0.841,0.3,2.0,4.8,1.2,0.1,0.7,1.1,6.9
Udonis Haslem,NBA,MIA,C,1620564,10,1,7.4,1.1,3.3,0.333,0.0,1.2,0.0,1.1,2.1,0.524,0.3,0.4,0.75,0.3,2.7,0.2,0.0,0.0,0.3,0.9,2.5
Victor Oladipo,NBA,IND,SG,21000000,36,36,31.9,6.9,16.3,0.423,2.1,6.0,0.343,4.9,10.3,0.47,2.9,3.9,0.73,0.6,5.6,5.2,1.7,0.3,2.3,2.0,18.8
Vince Carter,NBA,ATL,PF,1620564,76,9,17.5,2.6,6.2,0.419,1.6,4.2,0.389,1.0,2.0,0.48,0.6,0.9,0.712,0.4,2.6,1.1,0.6,0.4,0.6,1.9,7.4
Wade Baldwin,NBA,POR,PG,1544951,16,0,5.9,0.6,2.1,0.303,0.1,0.6,0.222,0.5,1.5,0.333,0.5,0.7,0.727,0.1,0.9,0.8,0.1,0.1,0.9,0.7,1.9
Wayne Ellington,NBA,TOT,SG,8000000,53,38,24.5,3.5,8.6,0.403,2.6,7.0,0.371,0.9,1.6,0.541,0.7,0.9,0.796,0.3,2.0,1.4,1.0,0.1,0.8,1.7,10.3
Wayne Ellington,NBA,MIA,SG,8000000,25,12,21.3,2.8,7.4,0.375,2.3,6.2,0.368,0.5,1.2,0.414,0.6,0.6,0.875,0.2,1.9,1.2,1.0,0.1,0.6,1.6,8.4
Wayne Ellington,NBA,DET,SG,8000000,28,26,27.3,4.1,9.8,0.421,2.9,7.8,0.373,1.2,2.0,0.607,0.9,1.2,0.758,0.3,2.1,1.5,1.1,0.1,0.9,1.9,12.0
Wes Iwundu,NBA,ORL,SF,1618420,68,13,18.1,1.7,4.0,0.412,0.4,1.2,0.367,1.2,2.9,0.431,1.2,1.5,0.816,0.5,2.7,1.1,0.4,0.3,0.6,1.8,5.0
Wesley Johnson,NBA,TOT,SF,6134520,38,13,14.1,1.2,3.4,0.352,0.7,2.0,0.329,0.5,1.4,0.385,0.3,0.5,0.684,0.3,1.9,0.6,0.4,0.3,0.5,1.7,3.4
Wesley Johnson,NBA,NOP,SF,6134520,26,13,14.5,1.3,3.4,0.398,0.7,1.9,0.38,0.6,1.5,0.421,0.2,0.3,0.667,0.4,2.1,0.6,0.5,0.3,0.5,1.7,3.7
Wesley Johnson,NBA,WAS,SF,6134520,12,0,13.1,0.8,3.3,0.25,0.5,2.2,0.231,0.3,1.2,0.286,0.6,0.8,0.7,0.2,1.5,0.6,0.2,0.4,0.5,1.5,2.8
Wesley Matthews,NBA,TOT,SF-SG,2564753,69,68,30.3,4.0,10.1,0.4,2.2,5.8,0.372,1.9,4.3,0.437,1.9,2.4,0.81,0.5,2.5,2.3,0.8,0.2,1.3,2.3,12.2
Wesley Matthews,NBA,DAL,SF,2564753,44,44,29.8,4.4,10.7,0.414,2.3,6.0,0.38,2.1,4.7,0.456,2.0,2.5,0.791,0.5,2.3,2.3,0.8,0.3,1.3,2.3,13.1
Wesley Matthews,NBA,NYK,SG,2564753,2,1,27.0,2.0,9.5,0.211,1.0,5.0,0.2,1.0,4.5,0.222,2.0,2.5,0.8,0.5,1.5,2.5,0.5,0.5,1.0,1.0,7.0
Wesley Matthews,NBA,IND,SG,2564753,23,23,31.5,3.5,9.1,0.386,2.1,5.7,0.369,1.4,3.5,0.413,1.8,2.1,0.854,0.5,2.8,2.4,0.9,0.2,1.3,2.4,10.9
Will Barton,NBA,DEN,SF,12776786,43,38,27.7,4.3,10.7,0.402,1.6,4.6,0.342,2.7,6.1,0.447,1.3,1.7,0.77,0.7,4.6,2.9,0.4,0.5,1.5,1.9,11.5
Willie Cauley-Stein,NBA,SAC,C,2177483,81,81,27.3,5.1,9.1,0.556,0.0,0.0,0.5,5.1,9.1,0.556,1.7,3.1,0.551,2.2,8.4,2.4,1.2,0.6,1.0,2.8,11.9
Wilson Chandler,NBA,TOT,PF-SF,1620564,51,33,23.1,2.2,5.4,0.418,1.2,3.1,0.373,1.1,2.3,0.478,0.4,0.5,0.72,0.9,4.2,1.6,0.5,0.4,0.9,2.4,6.0
Wilson Chandler,NBA,PHI,PF,1620564,36,32,26.4,2.5,5.8,0.44,1.3,3.3,0.39,1.3,2.5,0.506,0.4,0.5,0.722,1.2,4.7,2.0,0.6,0.5,1.1,2.6,6.7
Wilson Chandler,NBA,LAC,SF,1620564,15,1,15.1,1.5,4.4,0.348,0.9,2.7,0.325,0.7,1.7,0.385,0.3,0.5,0.714,0.3,3.1,0.7,0.2,0.2,0.5,1.9,4.3
Yante Maten,NBA,MIA,PF,1416852,2,0,6.5,0.5,2.0,0.25,0.0,0.5,0.0,0.5,1.5,0.333,0.0,0.0,,0.5,1.5,0.0,0.5,0.0,0.0,0.0,1.0
Yogi Ferrell,NBA,SAC,PG,3150000,71,3,15.0,2.2,5.0,0.435,0.8,2.1,0.362,1.4,2.9,0.488,0.8,0.9,0.896,0.2,1.5,1.9,0.5,0.1,0.6,0.9,5.9
Zach Collins,NBA,POR,C,4240200,77,0,17.6,2.5,5.2,0.473,0.5,1.6,0.331,1.9,3.6,0.534,1.2,1.6,0.746,1.4,4.2,0.9,0.3,0.9,1.0,2.3,6.6
Zach LaVine,NBA,CHI,SG,19500000,63,62,34.5,8.4,18.0,0.467,1.9,5.1,0.374,6.5,12.9,0.504,5.0,6.0,0.832,0.6,4.7,4.5,1.0,0.4,3.4,2.2,23.7
Zhaire Smith,NBA,PHI,SG,3058800,6,2,18.5,2.3,5.7,0.412,1.0,2.7,0.375,1.3,3.0,0.444,1.0,1.3,0.75,0.5,2.2,1.7,0.3,0.3,1.0,1.3,6.7
Zhou Qi,NBA,HOU,PF,1378242,1,0,1.0,1.0,1.0,1.0,0.0,0.0,,1.0,1.0,1.0,0.0,0.0,,0.0,0.0,0.0,0.0,0.0,0.0,0.0,2.0
A'ja Wilson,WNBA,LVA,F,53616,26,25,740.0,6.1,12.7,0.479,0.0,0.0,0.0,6.1,12.7,0.48,4.4,5.5,0.792,1.7,6.5,1.8,0.5,1.7,2.2,2.0,16.5
Aerial Powers,WNBA,WAS,F-G,59718,30,7,593.0,3.6,8.3,0.434,1.4,3.9,0.362,2.2,4.4,0.496,2.8,3.3,0.867,1.1,3.2,1.5,0.8,0.2,1.5,1.6,11.4
Alaina Coates,WNBA,TOT,C,53616,23,0,167.0,1.0,2.0,0.533,0.0,0.0,,1.0,2.0,0.533,0.5,0.9,0.571,0.9,2.6,0.1,0.2,0.5,0.4,1.6,2.6
Alaina Coates,WNBA,MIN,C,53616,14,0,92.0,1.1,2.2,0.484,0.0,0.0,,1.1,2.2,0.484,0.4,0.6,0.625,0.9,2.4,0.1,0.2,0.4,0.4,1.2,2.5
Alaina Coates,WNBA,ATL,C,53616,9,0,75.0,1.0,1.6,0.643,0.0,0.0,,1.0,1.6,0.643,0.8,1.4,0.538,0.9,3.0,0.1,0.2,0.7,0.4,2.2,2.8
Alana Beard,WNBA,LAS,G-F,108000,16,3,235.0,1.4,3.1,0.449,0.1,0.3,0.2,1.3,2.8,0.477,0.4,0.6,0.778,0.1,1.5,1.4,0.8,0.2,0.6,1.3,3.3
Alex Bentley,WNBA,ATL,G,115000,29,4,634.0,3.4,11.1,0.307,1.1,4.7,0.235,2.3,6.4,0.358,1.0,1.2,0.857,0.3,1.9,3.0,0.7,0.3,1.5,1.9,9.0
Allie Quigley,WNBA,CHI,G,117500,34,34,972.0,5.0,10.2,0.493,2.4,5.3,0.442,2.7,4.9,0.548,1.4,1.6,0.87,0.4,3.0,2.5,0.8,0.2,1.4,1.8,13.8
Allisha Gray,WNBA,DAL,G,57886,34,29,1035.0,3.4,7.5,0.457,1.0,2.5,0.384,2.5,5.0,0.494,2.8,3.3,0.848,1.3,4.1,2.3,1.2,0.4,1.4,2.6,10.6
Alysha Clark,WNBA,SEA,F,84100,31,30,881.0,3.7,7.6,0.481,1.6,3.4,0.481,2.0,4.2,0.481,0.6,0.7,0.818,1.2,4.7,2.5,1.1,0.5,1.5,1.9,9.6
Alyssa Thomas,WNBA,CON,F,115000,34,34,1026.0,4.9,9.8,0.505,0.0,0.0,0.0,4.9,9.8,0.506,1.8,3.6,0.496,2.4,7.8,3.1,1.9,0.4,2.0,2.8,11.6
Angel McCoughtry,WNBA,ATL,F-G,117500,1,1,0.0,0.0,0.0,,0.0,0.0,,0.0,0.0,,0.0,0.0,,0.0,0.0,0.0,0.0,0.0,0.0,0.0,0.0
Ashley Walker,WNBA,LAS,F-C,56375,3,0,22.0,0.3,3.7,0.091,0.0,1.7,0.0,0.3,2.0,0.167,0.0,0.0,,0.7,1.0,1.0,0.3,0.0,0.0,1.3,0.7
Astou Ndour,WNBA,CHI,C-F,65000,21,11,368.0,2.8,5.6,0.492,0.7,1.6,0.424,2.1,4.0,0.518,0.6,0.9,0.722,1.4,4.2,0.7,0.5,0.7,0.7,1.7,6.8
Betnijah Laney,WNBA,IND,G-F,72500,34,27,877.0,2.3,6.3,0.362,0.6,1.9,0.303,1.7,4.3,0.388,0.5,0.9,0.581,0.9,4.2,1.7,1.4,0.1,1.4,1.6,5.6
Bria Hartley,WNBA,NYL,G,102000,24,18,545.0,3.3,8.8,0.376,1.0,3.0,0.329,2.3,5.7,0.401,2.2,2.8,0.803,0.8,3.2,3.2,0.8,0.0,2.1,2.3,9.8
Briann January,WNBA,PHO,G,117500,32,26,852.0,2.2,5.7,0.39,1.0,2.6,0.378,1.3,3.1,0.4,1.1,1.3,0.837,0.2,1.3,3.2,0.8,0.1,1.7,2.1,6.5
Brionna Jones,WNBA,CON,F,53563,27,0,227.0,1.3,2.8,0.467,0.0,0.0,0.0,1.3,2.7,0.473,0.9,1.3,0.667,1.4,2.2,0.3,0.3,0.3,0.7,1.3,3.5
Brittany Boyd,WNBA,NYL,G,80000,33,17,649.0,2.2,5.5,0.394,0.2,0.7,0.304,1.9,4.8,0.408,0.8,1.0,0.765,0.8,3.7,4.6,1.4,0.1,2.5,2.1,5.3
Brittney Griner,WNBA,PHO,C,115000,31,31,1018.0,8.7,15.5,0.564,0.0,0.1,0.333,8.7,15.4,0.565,3.3,4.0,0.808,1.6,7.2,2.4,0.7,2.0,2.5,2.7,20.7
Brittney Sykes,WNBA,ATL,G,53563,34,27,880.0,3.8,10.3,0.365,0.8,3.2,0.259,2.9,7.1,0.412,1.9,2.7,0.703,0.7,4.4,2.5,0.6,0.5,2.0,1.7,10.2
Camille Little,WNBA,PHO,F,101000,29,0,425.0,1.4,3.2,0.435,0.2,0.7,0.333,1.1,2.4,0.465,0.9,1.1,0.806,0.7,2.4,0.8,0.4,0.3,0.9,1.8,3.9
Candace Parker,WNBA,LAS,F-C,117500,22,22,571.0,4.0,9.6,0.422,0.7,2.7,0.267,3.3,6.9,0.483,2.4,3.0,0.791,1.1,6.4,3.5,1.0,0.8,2.5,1.8,11.2
Candice Dupree,WNBA,IND,F,117500,34,34,1043.0,5.1,10.9,0.472,0.0,0.1,0.0,5.1,10.8,0.475,1.4,1.6,0.839,0.7,5.0,2.5,0.4,0.6,1.5,1.0,11.6
Carolyn Swords,WNBA,LVA,C,83300,29,4,257.0,1.1,2.5,0.438,0.0,0.0,,1.1,2.5,0.438,0.4,0.4,0.846,0.7,2.2,0.3,0.2,0.1,0.6,0.9,2.6
Chelsea Gray,WNBA,LAS,G,115000,34,34,1108.0,5.5,13.3,0.416,1.5,3.9,0.382,4.1,9.4,0.43,1.9,2.1,0.917,0.4,3.8,5.9,1.0,0.1,3.2,1.4,14.5
Cheyenne Parker,WNBA,CHI,F,110000,34,0,670.0,3.1,6.9,0.459,0.1,0.5,0.278,3.0,6.3,0.474,2.4,2.8,0.842,1.8,5.8,0.9,0.7,1.2,1.3,2.4,8.8
Chiney Ogwumike,WNBA,LAS,F-C,117500,32,14,697.0,3.9,7.9,0.494,0.0,0.1,0.25,3.9,7.8,0.498,1.7,2.1,0.809,2.5,5.8,0.8,1.0,0.7,1.3,3.4,9.6
Courtney Paris,WNBA,SEA,C,111000,30,0,190.0,0.2,0.5,0.4,0.0,0.0,,0.2,0.5,0.4,0.1,0.2,0.429,0.4,1.7,0.4,0.3,0.1,0.3,0.6,0.5
Courtney Vandersloot,WNBA,CHI,G,117500,33,33,991.0,4.1,9.1,0.452,0.9,3.2,0.29,3.2,5.8,0.542,2.1,2.4,0.85,0.6,4.3,9.1,1.4,0.5,2.9,1.5,11.2
Courtney Williams,WNBA,CON,G,59718,34,34,988.0,5.5,12.6,0.435,0.5,1.0,0.457,5.0,11.6,0.433,1.8,2.2,0.8,1.4,5.6,3.8,1.4,0.4,1.6,1.4,13.2
Crystal Langhorne,WNBA,SEA,F-C,105000,34,4,577.0,2.1,5.0,0.409,0.5,1.7,0.316,1.5,3.4,0.456,1.0,1.3,0.75,0.8,3.1,1.0,0.3,0.3,1.3,1.0,5.6
Damiris Dantas,WNBA,MIN,F,105000,26,26,667.0,3.4,7.9,0.432,1.6,4.1,0.393,1.8,3.8,0.475,0.7,1.0,0.731,1.1,4.5,3.2,0.7,0.6,1.7,2.8,9.2
Danielle Robinson,WNBA,MIN,G,108000,34,25,919.0,4.1,9.3,0.437,0.3,1.2,0.22,3.8,8.1,0.469,1.7,1.9,0.879,0.6,3.5,3.7,1.2,0.2,2.1,1.8,10.1
DeWanna Bonner,WNBA,PHO,F-G,127500,34,34,1120.0,5.6,14.8,0.377,1.5,5.6,0.272,4.1,9.2,0.441,4.5,4.9,0.916,1.0,7.6,2.7,1.3,0.6,1.6,1.6,17.2
Dearica Hamby,WNBA,LVA,F,115000,34,9,842.0,4.1,8.5,0.488,0.5,1.6,0.321,3.6,6.9,0.525,2.2,3.0,0.718,2.2,7.6,1.9,1.0,0.4,1.8,2.1,11.0
Diamond DeShields,WNBA,CHI,G,53616,34,34,1027.0,5.6,14.1,0.399,1.5,4.6,0.316,4.2,9.5,0.44,3.4,4.1,0.836,0.9,5.5,2.4,1.3,0.4,2.2,2.7,16.2
Diana Taurasi,WNBA,PHO,G,117500,6,6,129.0,0.7,6.5,0.103,0.2,4.0,0.042,0.5,2.5,0.2,2.8,3.0,0.944,0.2,3.2,5.3,0.3,0.2,2.2,2.5,4.3
Elizabeth Williams,WNBA,ATL,C-F,115000,32,32,909.0,3.3,7.3,0.455,0.0,0.0,,3.3,7.3,0.455,2.6,3.5,0.732,3.1,6.5,1.2,0.8,1.7,1.3,2.2,9.3
Emma Meesseman,WNBA,WAS,F,117500,23,6,543.0,5.3,9.6,0.552,0.8,2.0,0.422,4.5,7.7,0.585,1.7,1.8,0.905,1.2,4.2,3.2,0.9,0.7,1.0,1.8,13.1
Erica Wheeler,WNBA,IND,G,80000,34,34,850.0,3.7,8.8,0.426,1.4,3.7,0.384,2.3,5.1,0.457,1.2,1.4,0.872,0.1,3.0,5.0,1.2,0.1,2.9,2.2,10.1
Essence Carson,WNBA,PHO,G,85000,23,13,425.0,2.0,5.6,0.352,0.6,1.8,0.341,1.3,3.8,0.356,1.3,1.6,0.784,0.5,2.2,1.5,0.5,0.3,0.7,1.0,5.8
Gabby Williams,WNBA,CHI,F,53616,33,2,527.0,2.3,5.5,0.414,0.2,1.2,0.171,2.1,4.2,0.486,0.9,1.2,0.725,0.4,2.2,2.1,0.7,0.2,1.7,1.2,5.6
Glory Johnson,WNBA,DAL,F,117500,28,19,676.0,2.8,7.6,0.364,1.3,3.7,0.34,1.5,4.0,0.387,0.5,0.9,0.583,1.0,5.1,1.4,1.4,0.6,1.0,1.6,7.3
Jackie Young,WNBA,LVA,G,53537,34,34,767.0,2.2,6.9,0.322,0.4,1.3,0.318,1.8,5.6,0.323,1.7,2.1,0.808,0.7,3.3,4.5,0.8,0.4,1.6,1.4,6.6
Jamierra Faulkner,WNBA,CHI,G,62000,13,0,72.0,0.5,1.4,0.333,0.1,0.7,0.111,0.4,0.7,0.556,0.3,0.6,0.5,0.2,0.3,0.8,0.2,0.0,0.4,0.6,1.3
Jantel Lavender,WNBA,CHI,F,115000,23,22,619.0,4.5,9.1,0.49,0.3,1.2,0.222,4.2,8.0,0.53,0.8,0.9,0.905,2.0,6.9,1.1,0.3,0.6,1.4,1.5,10.0
Jasmine Thomas,WNBA,CON,G,117500,34,34,1009.0,4.1,10.4,0.392,1.3,3.6,0.366,2.8,6.8,0.405,1.6,2.1,0.8,0.6,2.9,5.1,1.4,0.1,2.7,1.8,11.1
Jessica Breland,WNBA,ATL,F,115000,33,33,767.0,3.2,8.3,0.378,0.3,1.2,0.237,2.9,7.2,0.401,0.9,1.0,0.879,1.3,7.3,1.7,1.3,1.1,1.2,2.0,7.5
Jewell Loyd,WNBA,SEA,G,117500,27,21,686.0,4.3,11.1,0.391,1.3,3.7,0.337,3.1,7.3,0.419,2.4,2.6,0.928,0.4,2.7,2.0,1.3,0.1,1.9,1.2,12.3
Jonquel Jones,WNBA,CON,F,59718,34,34,980.0,5.1,11.4,0.448,1.3,4.1,0.309,3.8,7.3,0.526,3.2,3.9,0.818,3.3,9.7,1.5,1.3,2.0,1.9,2.8,14.6
Kahleah Copper,WNBA,CHI,G-F,59718,34,0,502.0,2.3,6.0,0.387,0.4,1.4,0.306,1.9,4.6,0.413,1.6,2.1,0.771,0.4,1.9,0.9,0.4,0.1,1.3,1.5,6.7
Kaleena Mosqueda-Lewis,WNBA,SEA,F,70000,31,4,435.0,2.1,5.3,0.399,0.9,2.6,0.341,1.2,2.6,0.457,0.5,0.5,1.0,0.3,1.2,0.5,0.3,0.2,1.2,1.3,5.5
Karima Christmas-Kelly,WNBA,MIN,F-G,102000,6,0,72.0,0.8,3.0,0.278,0.5,1.8,0.273,0.3,1.2,0.286,0.5,0.8,0.6,0.2,0.8,1.0,0.8,0.2,0.7,1.3,2.7
Kayla McBride,WNBA,LVA,G,115000,34,34,990.0,4.5,10.5,0.425,1.8,4.3,0.428,2.6,6.3,0.423,2.6,2.8,0.906,0.6,4.1,2.6,1.2,0.1,1.7,1.4,13.3
Kayla Thornton,WNBA,DAL,F,86000,27,25,822.0,3.7,10.7,0.343,1.0,3.8,0.272,2.6,6.9,0.382,2.0,2.1,0.931,1.8,5.3,1.8,0.9,0.3,1.6,2.2,10.4
Kelsey Mitchell,WNBA,IND,G,53616,34,20,852.0,4.9,12.7,0.387,2.3,6.2,0.374,2.6,6.5,0.398,1.5,1.8,0.836,0.1,1.6,2.6,0.4,0.1,1.7,1.7,13.6
Kelsey Plum,WNBA,LVA,G,57886,34,30,868.0,3.1,8.6,0.365,1.3,3.7,0.36,1.8,4.9,0.369,1.0,1.1,0.872,0.4,2.9,3.0,0.8,0.1,1.6,2.2,8.6
Kristi Toliver,WNBA,WAS,G,115000,23,23,678.0,5.0,10.2,0.494,1.6,4.3,0.36,3.5,5.9,0.593,1.3,1.5,0.857,0.5,2.9,6.0,1.2,0.1,2.0,1.3,13.0
LaToya Sanders,WNBA,WAS,F-C,115000,34,34,804.0,2.6,5.1,0.506,0.0,0.0,,2.6,5.1,0.506,1.0,1.1,0.892,1.3,5.5,1.9,0.9,1.4,0.9,2.1,6.1
Layshia Clarendon,WNBA,CON,G,93400,9,0,138.0,2.0,4.8,0.419,0.2,0.2,1.0,1.8,4.6,0.39,2.0,2.3,0.857,0.8,2.4,2.1,0.3,0.0,0.9,0.8,6.2
Leilani Mitchell,WNBA,PHO,G,96757,32,27,971.0,4.2,9.5,0.441,2.3,5.4,0.43,1.9,4.1,0.455,2.1,2.6,0.829,0.5,3.0,4.0,0.9,0.3,1.8,2.4,12.8
Liz Cambage,WNBA,LVA,C,115000,32,30,807.0,6.1,12.2,0.504,0.1,0.4,0.167,6.1,11.8,0.515,3.6,4.8,0.748,2.0,8.2,2.1,0.6,1.6,2.3,2.8,15.9
Morgan Tuck,WNBA,CON,F,64538,33,0,352.0,1.4,3.5,0.388,0.5,1.3,0.357,0.9,2.2,0.405,0.5,0.9,0.6,0.5,2.0,0.8,0.4,0.1,0.9,1.3,3.7
Natalie Achonwa,WNBA,IND,F,105000,30,18,636.0,3.3,6.8,0.488,0.1,0.4,0.25,3.2,6.4,0.503,2.0,2.2,0.909,1.6,5.2,1.6,0.6,0.7,1.0,2.6,8.7
Natasha Cloud,WNBA,WAS,G,115000,34,34,1093.0,3.2,8.2,0.394,1.3,4.1,0.326,1.9,4.1,0.461,1.2,1.8,0.683,0.2,2.5,5.6,1.0,0.2,1.9,2.0,9.0
Natasha Howard,WNBA,SEA,F,115000,34,34,1066.0,6.7,15.2,0.439,0.9,3.1,0.308,5.7,12.1,0.472,3.8,4.6,0.81,2.7,8.2,2.1,2.2,1.7,2.9,2.9,18.1
Nia Coffey,WNBA,ATL,F,53563,28,6,389.0,1.7,5.0,0.338,0.8,2.1,0.379,0.9,2.9,0.309,0.8,1.5,0.548,0.8,2.8,0.4,0.5,0.5,0.8,1.9,5.0
Nneka Ogwumike,WNBA,LAS,F,115000,32,32,892.0,6.5,12.7,0.51,0.7,2.1,0.338,5.8,10.6,0.544,2.4,2.9,0.828,2.3,8.8,1.8,1.9,0.5,1.8,2.9,16.1
Odyssey Sims,WNBA,MIN,G,115000,34,34,1083.0,5.6,13.4,0.415,0.7,2.7,0.269,4.8,10.6,0.453,2.6,3.3,0.795,0.7,3.4,5.4,1.4,0.1,3.3,2.0,14.5
Rachel Banham,WNBA,CON,G,64538,29,0,353.0,1.3,4.0,0.322,0.8,2.5,0.306,0.5,1.5,0.349,0.3,0.4,0.692,0.0,1.0,0.9,0.3,0.1,0.9,1.2,3.6
Rebecca Allen,WNBA,NYL,G,80000,24,2,412.0,2.7,6.5,0.417,1.2,2.8,0.426,1.5,3.7,0.409,0.5,0.7,0.813,0.5,2.5,0.7,0.5,0.8,0.7,2.1,7.2
Renee Montgomery,WNBA,ATL,G,107000,34,34,949.0,3.1,8.5,0.37,2.0,6.2,0.324,1.1,2.3,0.494,1.2,1.5,0.824,0.3,2.2,2.6,0.9,0.2,1.9,1.5,9.5
Riquna Williams,WNBA,LAS,G,110000,23,14,593.0,4.0,10.5,0.384,2.3,6.0,0.391,1.7,4.5,0.375,1.9,2.2,0.88,0.6,2.6,1.6,1.1,0.2,1.2,2.5,12.3
Sancho Lyttle,WNBA,PHO,F,80000,20,2,250.0,1.3,3.1,0.419,0.1,0.2,0.25,1.3,2.9,0.431,0.3,0.4,0.625,0.7,2.9,0.3,0.6,0.3,0.6,1.4,2.9
Seimone Augustus,WNBA,MIN,G-F,111000,12,7,156.0,1.7,5.3,0.313,0.2,1.0,0.167,1.5,4.3,0.346,0.3,0.3,0.75,0.2,0.6,1.3,0.4,0.1,1.0,0.4,3.8
Shatori Walker-Kimbrough,WNBA,WAS,G,53563,34,1,580.0,2.2,5.2,0.432,0.6,2.1,0.31,1.6,3.1,0.514,1.6,1.7,0.93,0.5,1.6,1.2,0.8,0.2,1.0,1.2,6.7
Shavonte Zellous,WNBA,SEA,G,65000,31,4,432.0,1.4,3.7,0.379,0.2,1.0,0.188,1.2,2.7,0.452,1.0,1.3,0.75,0.2,1.5,1.5,0.3,0.2,1.1,1.4,4.0
Shekinna Stricklen,WNBA,CON,F,106000,34,34,804.0,3.1,7.5,0.408,2.2,5.9,0.382,0.8,1.6,0.5,0.6,0.8,0.815,0.3,1.9,1.1,1.0,0.2,0.8,2.3,9.0
Shenise Johnson,WNBA,IND,G,104000,17,0,219.0,1.8,5.3,0.333,0.5,1.9,0.242,1.3,3.4,0.386,0.9,0.9,0.938,0.6,2.1,1.1,0.7,0.1,0.7,1.0,4.9
Stefanie Dolson,WNBA,CHI,C,115000,34,34,850.0,3.6,6.9,0.519,0.9,2.4,0.361,2.7,4.4,0.607,1.3,1.4,0.898,1.2,5.6,2.2,0.6,1.0,1.9,3.7,9.3
Sugar Rodgers,WNBA,LVA,G,102000,33,0,382.0,1.2,3.4,0.36,0.9,2.5,0.357,0.3,0.8,0.37,0.1,0.2,0.6,0.1,1.5,1.2,0.4,0.4,0.8,1.1,3.4
Sylvia Fowles,WNBA,MIN,C,113360,34,34,1003.0,5.8,9.9,0.588,0.0,0.0,,5.8,9.9,0.588,2.1,2.9,0.707,2.7,8.9,1.5,0.9,1.4,2.0,2.6,13.6
Sylvia Fowles,WNBA,MIN,C,113360,34,34,1003.0,5.8,9.9,0.588,0.0,0.0,,5.8,9.9,0.588,2.1,2.9,0.707,2.7,8.9,1.5,0.9,1.4,2.0,2.6,13.6
Tamera Young,WNBA,LVA,F,97600,34,4,628.0,2.0,5.3,0.38,0.1,0.5,0.313,1.9,4.8,0.387,1.1,1.8,0.639,1.0,3.6,2.0,0.7,0.1,1.4,1.8,5.3
Tanisha Wright,WNBA,NYL,G,94860,31,17,613.0,1.7,4.2,0.415,0.5,1.2,0.368,1.3,3.0,0.435,0.8,1.0,0.806,0.7,2.8,4.1,1.0,0.3,1.8,2.2,4.7
Tayler Hill,WNBA,DAL,G,115000,4,2,49.0,1.0,3.3,0.308,0.3,1.5,0.167,0.8,1.8,0.429,1.0,1.3,0.8,0.5,1.3,0.8,0.3,0.0,0.0,1.0,3.3
Theresa Plaisance,WNBA,TOT,F,104000,31,12,442.0,1.7,4.7,0.37,0.8,2.4,0.342,0.9,2.4,0.397,0.7,0.8,0.808,0.8,3.6,1.1,0.3,0.6,1.0,2.1,5.0
Theresa Plaisance,WNBA,DAL,F,104000,22,12,378.0,2.1,5.6,0.374,1.0,3.0,0.343,1.0,2.5,0.411,0.8,1.0,0.773,1.0,4.4,1.5,0.3,0.8,1.4,2.4,6.0
Theresa Plaisance,WNBA,CON,F,104000,9,0,64.0,0.9,2.6,0.348,0.2,0.7,0.333,0.7,1.9,0.353,0.4,0.4,1.0,0.3,1.8,0.0,0.3,0.2,0.1,1.3,2.4
Tianna Hawkins,WNBA,WAS,F,70000,31,1,477.0,3.6,7.1,0.514,1.1,2.9,0.363,2.6,4.2,0.62,1.2,1.3,0.925,1.5,4.2,0.7,0.5,0.1,1.1,2.5,9.5
Tierra Ruffin-Pratt,WNBA,LAS,G,56375,34,33,856.0,2.1,5.8,0.367,0.7,2.1,0.342,1.4,3.6,0.382,1.0,1.2,0.854,0.6,2.4,1.7,0.8,0.6,0.9,2.7,6.0
Tiffany Hayes,WNBA,ATL,G,115260,29,29,817.0,5.1,12.9,0.393,1.2,4.0,0.308,3.8,8.9,0.432,3.3,4.4,0.764,0.7,3.0,2.8,1.0,0.3,2.4,2.4,14.7
Tina Charles,WNBA,NYL,C,117500,33,33,1028.0,6.7,17.2,0.389,0.3,1.8,0.186,6.3,15.4,0.412,3.3,4.0,0.812,2.0,7.5,2.4,0.7,0.9,2.6,2.8,16.9
